split,model,promotion,n,mae,wape_pct,mase,mase_n,bias_units,bias_pct
test,gb_global,0,2769,8.509959402682055,15.135448837435518,0.6323205148040214,2769,-0.013255741162190228,-0.023576092748384424
test,gb_global,1,255,10.982554444361611,14.901305647079976,0.891865176473436,255,0.030597083727829568,0.04151461291154911
test,gb_local,0,2769,8.479278375739819,15.080880878695568,0.619342378651108,2769,-0.22322036168132264,-0.39701016230896563
test,gb_local,1,255,11.345473590343454,15.393720152908275,0.9151234467515642,255,-1.8035992657945725,-2.4471523506311375
test,gb_no_promotion,0,2769,8.814214237971004,15.676583439277087,0.6629616294548643,2769,1.2862925406129924,2.287744749086234
test,gb_no_promotion,1,255,16.942551182123857,22.98792461126734,1.3741625874798002,255,-15.53701908243267,-21.080876162713263
test,mean_28,0,2769,9.579386575865449,17.03748614445007,0.741001373780517,2769,1.5717768147345612,2.795494835825497
test,mean_28,1,255,19.306302521008405,26.19510025996139,1.5883278043739373,255,-17.999019607843138,-24.421357880174522
test,seasonal_naive,0,2769,12.039003250270856,21.412054878988748,0.8938621977638239,2769,1.2365474900686169,2.1992703355428804
test,seasonal_naive,1,255,18.949019607843137,25.710333085027138,1.5410299172744595,255,-15.647058823529411,-21.230179844631266
test,weekday_mean_4,0,2769,9.563470566991693,17.00917861363753,0.7212165847521566,2769,1.323131094257855,2.3532642207491907
test,weekday_mean_4,1,255,17.261764705882353,23.42103862934979,1.4236072588136532,255,-15.299019607843137,-20.757954666382886
validation,gb_global,0,2733,10.042098544599197,15.278999322141342,0.8020174944345352,2733,-0.0725847351385392,-0.11043728699276699
validation,gb_global,1,291,13.101345099738994,15.1746991881231,1.096419096053659,291,-2.6293337988062,-3.0454391635591636
validation,gb_local,0,2733,10.154408655045936,15.44987855557689,0.8009072700014953,2733,-0.2966851183275133,-0.451404823571807
validation,gb_local,1,291,13.440659980429162,15.567712363894628,1.1221204466115724,291,-5.163276184115713,-5.980390740239103
validation,gb_no_promotion,0,2733,10.649148168824013,16.202622084439906,0.856777229993271,2733,1.8105215269659467,2.7546988371382386
validation,gb_no_promotion,1,291,21.61245902578414,25.032739916029236,1.8581406950911035,291,-19.816206229134966,-22.95222103438256
validation,mean_28,0,2733,11.236448695833987,17.09619670076397,0.9198867284516438,2733,2.1515341592180235,3.2735477364874006
validation,mean_28,1,291,23.08100147275405,26.73368662860782,2.02449260082656,291,-21.472999509081983,-24.871210225851204
validation,seasonal_naive,0,2733,14.245883644346872,21.675035907942057,1.1404464457957084,2733,1.7263080863519942,2.6265685368487857
validation,seasonal_naive,1,291,24.49484536082474,28.371278458844134,2.0950552225242407,291,-19.89003436426117,-23.03773284508836
validation,weekday_mean_4,0,2733,11.351262349066959,17.27088506118268,0.90844509788113,2733,1.8728503476033662,2.849531804972554
validation,weekday_mean_4,1,291,20.8573883161512,24.158175449769146,1.8109062803440314,291,-18.855670103092784,-21.83967521095367
