split,model,fold,n,mae,wape_pct,mase,mase_n,bias_units,bias_pct
test,gb_global,13,252,9.975692735911954,16.665835119661974,0.7403154154887063,252,0.3952227556294263,0.660276680049161
test,gb_global,14,252,8.832538562547057,15.374730384484758,0.6440428155139813,252,0.20794406955510983,0.3619666058429763
test,gb_global,15,252,8.204218333416328,14.57191302523904,0.6404936691102501,252,0.13978947536393643,0.24828691705463757
test,gb_global,16,252,8.608896122129943,15.477219253597386,0.6342004592808252,252,-0.39303172847617135,-0.7065990980665989
test,gb_global,17,252,9.071896995829027,16.093756022167653,0.6688648769357488,252,-2.3649125130834743,-4.195409738099511
test,gb_global,18,252,7.351290238098055,13.499418057281279,0.557230811539015,252,2.230895878088575,4.096668084808868
test,gb_global,19,252,7.849221646876098,14.437984343158954,0.5868407586496981,252,1.8941706687576754,3.484167945452074
test,gb_global,20,252,8.688813164128796,15.281832198216476,0.6263764599886048,252,-0.8105974936721657,-1.4256739838455177
test,gb_global,21,252,8.581838770190737,14.941435471107267,0.6446318866059118,252,0.4517244214947421,0.7864761241997722
test,gb_global,22,252,8.800367342361618,14.960149556632,0.659194627402025,252,0.348109745201179,0.5917677805632562
test,gb_global,23,252,8.843386186807257,14.470995578411873,0.6820784209450943,252,-2.0561987774719515,-3.3646889085904657
test,gb_global,24,252,9.813383430825445,15.396417784634618,0.7662104552586376,252,-0.15781051300397744,-0.24759213844479092
test,gb_local,13,252,10.331355705034515,17.260021464258138,0.7549044882474766,252,-0.49071804908861144,-0.8198153564726206
test,gb_local,14,252,8.863457303662619,15.428550393886718,0.6416891031361626,252,0.03732566877752535,0.06497249797566063
test,gb_local,15,252,7.968605721998874,14.153429954494758,0.6052822061450918,252,0.6259025646014659,1.1116961254550985
test,gb_local,16,252,8.543567602065776,15.359770533784518,0.6181038692041022,252,-0.7633152571437858,-1.3723010972407363
test,gb_local,17,252,9.01836139891243,15.99878262953842,0.6563144158879154,252,-1.9972134676361748,-3.5431030893651254
test,gb_local,18,252,7.511212926337682,13.793089393260189,0.5508569661065854,252,1.6319255128625425,2.996758939308903
test,gb_local,19,252,7.901384884626605,14.533934240335068,0.5873906840474604,252,1.102958189178917,2.0287990049130444
test,gb_local,20,252,8.593807343356856,15.11473653354221,0.6144607133092371,252,-0.5482388236158207,-0.9642391370127499
test,gb_local,21,252,8.771476548080887,15.271604878515847,0.6543615993007892,252,-0.22875730595829613,-0.39827857607772993
test,gb_local,22,252,8.710970345935237,14.808179487153803,0.6495059597525323,252,-0.4868457038613784,-0.8276114231858294
test,gb_local,23,252,8.982140584617516,14.69804822937412,0.693107771081455,252,-1.7156470164825248,-2.8074223906077678
test,gb_local,24,252,9.455316730454902,14.834639621931487,0.7054330388866162,252,-1.445213590495757,-2.26742513264183
test,gb_no_promotion,13,252,10.494252559560856,17.532164180650593,0.7917875463801287,252,-0.037971510528315544,-0.06343689109742454
test,gb_no_promotion,14,252,10.032072794079566,17.462750183795336,0.7451784870209067,252,1.1390794901164836,1.9827867065645772
test,gb_no_promotion,15,252,9.677822852750774,17.189254009678567,0.7492429448624887,252,0.5660075411343837,1.0053136479127762
test,gb_no_promotion,16,252,9.387116091508357,16.876316294928344,0.6954418550988875,252,-0.027703433728840154,-0.049805702359047715
test,gb_no_promotion,17,252,9.102214328959102,16.147539675450147,0.6956819984885201,252,-1.7378499127731426,-3.082986117696811
test,gb_no_promotion,18,252,7.583335778043841,13.925530977680157,0.5728196280389651,252,1.2208683605357675,2.2419210584785647
test,gb_no_promotion,19,252,8.751080305285434,16.0968776418389,0.6551933479305652,252,1.2588481545067323,2.3155455104795366
test,gb_no_promotion,20,252,9.552880241072005,16.801548162689457,0.6954404307561302,252,-3.152723937240272,-5.544991849417564
test,gb_no_promotion,21,252,9.535212986900982,16.60131043732933,0.7142605369092077,252,0.03684476219073098,0.0641486808903151
test,gb_no_promotion,22,252,9.732874187948056,16.54536086996027,0.7524740601726422,252,0.7938963229593539,1.3495809051926415
test,gb_no_promotion,23,252,9.33855836856103,15.281277330372594,0.7587289559914452,252,-1.0853205620273183,-1.775979101499248
test,gb_no_promotion,24,252,10.808253221136722,16.95728932714764,0.8489573979051459,252,-0.5620539301572868,-0.881817895652075
test,mean_28,13,252,11.591836734693878,19.36583702693488,0.8985028875045356,252,2.7341269841269855,4.567753911429331
test,mean_28,14,252,10.822562358276643,18.838749148896277,0.8451159773490686,252,3.2400793650793642,5.639980658976305
test,mean_28,15,252,9.666950113378684,17.16994240605743,0.7614596415378058,252,2.3511904761904763,4.176064279672963
test,mean_28,16,252,10.05640589569161,18.07957684036731,0.7682973181919549,252,1.2519841269841263,2.250838267817649
test,mean_28,17,252,10.306972789115648,18.28480917182079,0.8004848455120736,252,-0.40674603174603285,-0.7215769095388967
test,mean_28,18,252,8.813492063492063,16.184507760693727,0.6860232186350204,252,1.5396825396825395,2.8273701085768415
test,mean_28,19,252,9.332199546485262,17.165797705943692,0.7166619036399098,252,1.047619047619047,1.9270072992700717
test,mean_28,20,252,10.121882086167801,17.802305176677038,0.7527240300972734,252,-2.446428571428571,-4.3027638190954764
test,mean_28,21,252,10.691609977324262,18.614658797054815,0.8256372175342435,252,-1.8253968253968258,-3.1781124775459455
test,mean_28,22,252,10.749716553287982,18.273938015573204,0.8666271656838188,252,-1.6785714285714282,-2.8534808418780346
test,mean_28,23,252,10.661848072562359,17.446660482374767,0.8888743128139395,252,-2.98015873015873,-4.8766233766233755
test,mean_28,24,252,11.979875283446713,18.795471120835334,0.9390216168718076,252,-3.7698412698412693,-5.914580998630306
test,seasonal_naive,13,252,13.603174603174603,22.726067356138955,1.064189594848533,252,1.6587301587301588,2.7711482365420315
test,seasonal_naive,14,252,13.115079365079366,22.829315465911446,0.9755851244306427,252,1.5912698412698412,2.7699108931408443
test,seasonal_naive,15,252,14.841269841269842,26.360304482661405,1.101693924055651,252,2.1666666666666665,3.848322526078376
test,seasonal_naive,16,252,12.226190476190476,21.980452307911822,0.8855601026394262,252,0.6071428571428571,1.0915317114931868
test,seasonal_naive,17,252,12.797619047619047,22.70327349524815,0.9079217260600528,252,-1.3928571428571428,-2.470960929250264
test,seasonal_naive,18,252,10.503968253968255,19.2887852510384,0.795795454250536,252,1.996031746031746,3.6653792902426585
test,seasonal_naive,19,252,11.53968253968254,21.226277372262775,0.8729342182880593,252,-0.8888888888888888,-1.635036496350365
test,seasonal_naive,20,252,11.968253968253968,21.049692908989392,0.8596728894147104,252,-3.9682539682539684,-6.979341150195421
test,seasonal_naive,21,252,12.047619047619047,20.975542351803234,0.9054947326945483,252,0.5873015873015873,1.0225231449495646
test,seasonal_naive,22,252,13.587301587301587,23.097679438747978,1.0120695690206218,252,-0.8809523809523809,-1.4975715056664867
test,seasonal_naive,23,252,12.03968253968254,19.7012987012987,0.9243054427133692,252,-2.5873015873015874,-4.233766233766234
test,seasonal_naive,24,252,13.19047619047619,20.694807620470677,1.0759956918735945,252,-1.1349206349206349,-1.7806001743244926
test,weekday_mean_4,13,252,11.670634920634921,19.497480774330416,0.8983126346003115,252,2.734126984126984,4.567753911429329
test,weekday_mean_4,14,252,11.220238095238095,19.530980175450715,0.8450457430091617,252,3.240079365079365,5.639980658976307
test,weekday_mean_4,15,252,10.492063492063492,18.635466591485763,0.8072578143840129,252,2.3511904761904763,4.176064279672963
test,weekday_mean_4,16,252,9.589285714285714,17.23978026681886,0.7261022231108839,252,1.251984126984127,2.25083826781765
test,weekday_mean_4,17,252,10.079365079365079,17.881027807110172,0.7590699228626157,252,-0.40674603174603174,-0.7215769095388948
test,weekday_mean_4,18,252,8.748015873015873,16.064271660715587,0.6601908084225034,252,1.5396825396825398,2.827370108576842
test,weekday_mean_4,19,252,9.071428571428571,16.686131386861312,0.6660874920448501,252,1.0476190476190477,1.927007299270073
test,weekday_mean_4,20,252,9.430555555555555,16.586404243439418,0.6922153799506953,252,-2.4464285714285716,-4.302763819095477
test,weekday_mean_4,21,252,10.16468253968254,17.697250241812906,0.7756179054086351,252,-1.8253968253968254,-3.1781124775459446
test,weekday_mean_4,22,252,10.603174603174603,18.02482460874258,0.825553602880686,252,-1.6785714285714286,-2.8534808418780355
test,weekday_mean_4,23,252,10.10515873015873,16.535714285714285,0.8396352029454562,252,-2.9801587301587302,-4.876623376623376
test,weekday_mean_4,24,252,11.376984126984127,17.84958286639273,0.8702627552063906,252,-3.7698412698412698,-5.914580998630307
validation,gb_global,1,252,9.688989416811312,14.76105031761351,0.8207433178657565,252,-3.214983897154549,-4.897986470485136
validation,gb_global,2,252,10.331692144609002,15.000209831430944,0.8689617489631464,252,-0.4872026278391851,-0.7073518592814118
validation,gb_global,3,252,10.86329021988635,15.744804367696325,0.8729456885099739,252,0.007216260270492796,0.010458949722000257
validation,gb_global,4,252,11.132548635271727,15.519180483976738,0.9267573936729695,252,-0.8088610324825471,-1.1275819006782204
validation,gb_global,5,252,11.227744897210602,16.109039592900658,0.8913174333435967,252,1.066834411786521,1.5306437700421505
validation,gb_global,6,252,10.330941251097267,14.84432201662967,0.8310330839601489,252,-0.48548296791951007,-0.6975807270824298
validation,gb_global,7,252,10.741240824318366,15.218670233488298,0.8683812788896293,252,-0.8078344299404187,-1.1445759380691864
validation,gb_global,8,252,10.722506961669001,15.75460179779948,0.8301935239523681,252,0.5923546402007198,0.8703479058397843
validation,gb_global,9,252,10.191110967751763,14.750215173588217,0.7923995479005781,252,-2.0715386388111354,-2.9982639537097584
validation,gb_global,10,252,9.639713340561997,14.819471460600434,0.773829956181109,252,0.8615391974107875,1.3244746080253689
validation,gb_global,11,252,9.763716215366893,15.336635830408632,0.7466132999587071,252,1.6084016209895537,2.5264427381996355
validation,gb_global,12,252,9.40438903978561,15.28675764707459,0.7409974142670943,252,-0.08389577693228464,-0.1363719008381328
validation,gb_local,1,252,9.474814617833259,14.43475777579337,0.798362233754269,252,-2.4738696448055646,-3.76890847283116
validation,gb_local,2,252,10.145047181224022,14.729226765388335,0.8435484681864561,252,-0.9376403407917737,-1.361326069479328
validation,gb_local,3,252,11.195446001926557,16.226217245559855,0.8961922491185105,252,-2.016595743754075,-2.9227706184277156
validation,gb_local,4,252,11.3572727406428,15.832454116512615,0.9220037226352994,252,-1.8311087433005722,-2.5526326454154127
validation,gb_local,5,252,11.453292732238081,16.432645004122048,0.8828775396970001,252,-0.46367122680561745,-0.6652536390060101
validation,gb_local,6,252,10.82163647507921,15.549392129775121,0.8627531540541037,252,0.1936617146415674,0.2782686286331108
validation,gb_local,7,252,10.415811833234635,14.757587889211333,0.8471056939608588,252,-0.12113989397937666,-0.1716364178725004
validation,gb_local,8,252,11.046451661811068,16.230574420012765,0.8577924584128788,252,0.45292812266751425,0.665488233410376
validation,gb_local,9,252,10.970857424082505,15.878789678185006,0.8487048447248119,252,-1.858078557295056,-2.6893101857351907
validation,gb_local,10,252,9.431429252340033,14.499268982367546,0.7458986905153534,252,-0.08507634043597728,-0.1307908601138743
validation,gb_local,11,252,9.5533649904589,15.0062206419974,0.724504529279529,252,0.700046579516651,1.099618138990189
validation,gb_local,12,252,9.782316789706027,15.901076120789002,0.7520683953357464,252,-0.7394313144147291,-1.2019395680352947
validation,gb_no_promotion,1,252,10.422709739894453,15.878863759466793,0.8886389127814542,252,-3.6096954546435596,-5.499324433650789
validation,gb_no_promotion,2,252,12.271218572860773,17.816138044367776,1.0481307898444896,252,-2.101311972460933,-3.050818788155529
validation,gb_no_promotion,3,252,12.463185826320695,18.06362701002367,1.0142912208587909,252,1.6406409294826068,2.3778772314350776
validation,gb_no_promotion,4,252,12.216512572176997,17.03026590799692,1.0371335702904527,252,-0.1121759064639936,-0.1563773216182242
validation,gb_no_promotion,5,252,12.728517228982335,18.262277053652635,1.0237592528299746,252,0.9189112334820824,1.3184105604502663
validation,gb_no_promotion,6,252,11.00129163449546,15.807535020486123,0.8937505457264615,252,-1.1224744404208353,-1.6128609817884052
validation,gb_no_promotion,7,252,11.732385723383546,16.622968639900222,0.962194493902699,252,-1.2967154356722903,-1.837244404528377
validation,gb_no_promotion,8,252,11.925799313358175,17.522601754802988,0.941010326530373,252,1.902869909139858,2.7958907183443777
validation,gb_no_promotion,9,252,11.663543718035763,16.881356710958663,0.9263088301732412,252,-2.3896026970168345,-3.458617423745002
validation,gb_no_promotion,10,252,11.469926723501771,17.633123074197453,0.9711847025161702,252,2.75173678591578,4.230342057410789
validation,gb_no_promotion,11,252,11.193476889453681,17.582473204153384,0.8454906991892688,252,-1.5988612076572886,-2.5114568617442914
validation,gb_no_promotion,12,252,11.361223811104642,18.467576600647423,0.8857697975912309,252,1.7692152425045211,2.875844940405982
validation,mean_28,1,252,11.206632653061224,17.07316019933153,0.979298151333821,252,-4.722222222222222,-7.194244604316546
validation,mean_28,2,252,12.621031746031745,18.324019127729446,1.0552680012873557,252,-5.0853174603174605,-7.383188338998675
validation,mean_28,3,252,12.996882086167801,18.837144336080325,1.0638516200564203,252,-1.7380952380952384,-2.5191234830620584
validation,mean_28,4,252,12.453514739229025,17.360655608152427,1.0726183055825047,252,-2.7976190476190474,-3.899983404325939
validation,mean_28,5,252,13.369897959183673,19.182499918664803,1.0914882811858748,252,0.6666666666666676,0.9565019357777286
validation,mean_28,6,252,11.664399092970521,16.760340810973723,0.9595756814799751,252,1.121031746031747,1.6107880031930677
validation,mean_28,7,252,12.664115646258503,17.943085251642543,1.0690224619068156,252,-0.9325396825396823,-1.321263915439109
validation,mean_28,8,252,12.569727891156463,18.46872735450661,1.0004551678710978,252,2.027777777777778,2.9794181097312116
validation,mean_28,9,252,12.481575963718821,18.065344568704514,1.0217319986460667,252,0.22817460317460278,0.3302509907529717
validation,mean_28,10,252,12.117063492063492,18.62798926305515,1.0327849568457377,252,3.5277777777777786,5.423377257198635
validation,mean_28,11,252,12.78061224489796,20.075511348963946,1.0114729037041106,252,3.406746031746033,5.351243533005051
validation,mean_28,12,252,11.589569160997732,18.83875010366657,0.9566299927147887,252,2.835317460317461,4.608785396374896
validation,seasonal_naive,1,252,13.09920634920635,19.956471797352034,1.109984310924838,252,-4.392857142857143,-6.69246115712472
validation,seasonal_naive,2,252,14.996031746031745,21.772195655931323,1.2788644541490801,252,-3.0198412698412698,-4.384398225499798
validation,seasonal_naive,3,252,15.678571428571429,22.723874158854315,1.3063403837933598,252,0.8531746031746031,1.2365560476217865
validation,seasonal_naive,4,252,17.408730158730158,24.268407368479284,1.4454544194362269,252,-1.9563492063492063,-2.7272224373513305
validation,seasonal_naive,5,252,16.944444444444443,24.311090867683898,1.3890033418774705,252,1.7301587301587302,2.4823502618993394
validation,seasonal_naive,6,252,15.119047619047619,21.724255901471093,1.1888190659527509,252,-0.15873015873015872,-0.22807617744326605
validation,seasonal_naive,7,252,13.936507936507937,19.745867536264477,1.1518312457457631,252,-0.3888888888888889,-0.5509951647363095
validation,seasonal_naive,8,252,16.400793650793652,24.097720249548132,1.286779748535443,252,1.9325396825396826,2.839484578158708
validation,seasonal_naive,9,252,15.869047619047619,22.9682384699328,1.2423796338944968,252,-1.9563492063492063,-2.831543277238527
validation,seasonal_naive,10,252,15.555555555555555,23.914104441190826,1.2980386906032093,252,2.365079365079365,3.635919960956564
validation,seasonal_naive,11,252,13.28968253968254,20.87514803964346,0.9891412369507399,252,-0.503968253968254,-0.7916225144923019
validation,seasonal_naive,12,252,14.488095238095237,23.550280590853383,1.101066667002594,252,1.25,2.0318648003612205
validation,weekday_mean_4,1,252,10.978174603174603,16.725107309110694,0.9444168251530337,252,-4.722222222222222,-7.194244604316546
validation,weekday_mean_4,2,252,13.097222222222221,19.015382842657143,1.0805494404799576,252,-5.0853174603174605,-7.383188338998675
validation,weekday_mean_4,3,252,12.569444444444445,18.217633864381433,1.0264269253973248,252,-1.7380952380952381,-2.519123483062058
validation,weekday_mean_4,4,252,13.31547619047619,18.562261437185374,1.1053515927332331,252,-2.7976190476190474,-3.899983404325939
validation,weekday_mean_4,5,252,12.696428571428571,18.216237759052607,1.0099577556128871,252,0.6666666666666666,0.9565019357777271
validation,weekday_mean_4,6,252,11.896825396825397,17.09430949937279,0.9685741086571577,252,1.121031746031746,1.6107880031930666
validation,weekday_mean_4,7,252,12.23015873015873,17.328235690992916,0.9829672033183018,252,-0.9325396825396826,-1.3212639154391095
validation,weekday_mean_4,8,252,12.47420634920635,18.32837735409014,0.9846534835879073,252,2.0277777777777777,2.979418109731211
validation,weekday_mean_4,9,252,12.793650793650794,18.51702946413187,1.008965394407625,252,0.22817460317460317,0.33025099075297226
validation,weekday_mean_4,10,252,11.543650793650794,17.7464616886286,0.9567181597256136,252,3.5277777777777777,5.423377257198633
validation,weekday_mean_4,11,252,11.85515873015873,18.62182883500592,0.924756182168831,252,3.4067460317460316,5.351243533005049
validation,weekday_mean_4,12,252,11.742063492063492,19.086628394504288,0.950131897366228,252,2.8353174603174605,4.608785396374895
