split,model,store_id,n,mae,wape_pct,mase,mase_n,bias_units,bias_pct
test,gb_global,store_01,1008,6.90473600568923,15.364519953497304,0.657354085806371,1008,-0.05702905041856099,-0.12690188044307707
test,gb_global,store_02,1008,8.553140221988347,14.950345674835704,0.654287511630674,1008,0.23163761900123828,0.404887840662496
test,gb_global,store_03,1008,10.697509654603001,15.078081146388625,0.6509785667425796,1008,-0.20328207148695127,-0.28652496407585387
test,gb_local,store_01,1008,6.8940154540047365,15.340664424461412,0.649468274441074,1008,-0.36125338058021095,-0.8038663273468567
test,gb_local,store_02,1008,8.372655908216705,14.63487056163286,0.6312329723784555,1008,-0.24518612425569403,-0.42856976702805644
test,gb_local,store_03,1008,10.896242911549534,15.358194581335288,0.6521514569568266,1008,-0.46301981487956967,-0.6526238878537457
test,gb_no_promotion,store_01,1008,7.413353877046454,16.49630390971727,0.7158648764329572,1008,0.054190337851538324,0.12058513555343524
test,gb_no_promotion,store_02,1008,9.60475706574501,16.788505102086027,0.7424190760301815,1008,0.1271034466646469,0.22216874911209697
test,gb_no_promotion,store_03,1008,11.480807486160217,16.182135140948752,0.7105178449256196,1008,-0.5783134482691161,-0.8151296313434512
test,mean_28,store_01,1008,8.162769274376418,18.163914056759374,0.8074188591804499,1008,-0.0982142857142856,-0.21854787081392502
test,mean_28,store_02,1008,10.244331065759637,17.906439818071917,0.8139754939650714,1008,-0.16319444444444464,-0.2852535201498234
test,mean_28,store_03,1008,12.791737528344672,18.029883840552934,0.8159631806973416,1008,0.025793650793650723,0.03635600922883301
test,seasonal_naive,store_01,1008,10.090277777777779,22.453034283317514,0.9583490375086624,1008,0.14781746031746032,0.32892558334621075
test,seasonal_naive,store_02,1008,12.535714285714286,21.911632100991884,0.9649531125746043,1008,0.20436507936507936,0.35721717416938337
test,seasonal_naive,store_03,1008,15.239087301587302,21.479409914004055,0.9220024674891696,1008,-0.9136904761904762,-1.28784171152905
test,weekday_mean_4,store_01,1008,8.19295634920635,18.231086778957593,0.7889808512847775,1008,-0.09821428571428571,-0.21854787081392527
test,weekday_mean_4,store_02,1008,9.975198412698413,17.436013040160923,0.7746489163677616,1008,-0.16319444444444445,-0.28525352014982314
test,weekday_mean_4,store_03,1008,12.469742063492063,17.576033000069916,0.7777081035540115,1008,0.025793650793650792,0.036356009228833114
validation,gb_global,store_01,1008,8.421983156871049,15.64339762314074,0.8526431125700832,1008,0.010992139354340113,0.020417329677111438
validation,gb_global,store_02,1008,9.727465140721526,14.669127450663941,0.7819716299677127,1008,0.26415396496521154,0.39834716677128984
validation,gb_global,store_03,1008,12.8600226809924,15.498634443788589,0.8564286793284736,1008,-1.2310094144249404,-1.4835871898759427
validation,gb_local,store_01,1008,8.44781982154216,15.691387889943426,0.8398008878389365,1008,-0.8410680251734266,-1.5622403062114212
validation,gb_local,store_02,1008,9.940888650795879,14.99097251769407,0.8010152749270775,1008,0.08305955934490467,0.125254754902778
validation,gb_local,store_03,1008,13.023226952806235,15.695324870489467,0.8546368321526904,1008,-1.5369853813607304,-1.852343122719803
validation,gb_no_promotion,store_01,1008,9.485256211079742,17.618372264996644,0.9713339806226671,1008,-0.19250997996681168,-0.3575773196110898
validation,gb_no_promotion,store_02,1008,10.957429486770609,16.523927595507047,0.8934280368101535,1008,0.6717559042659976,1.0130155012493838
validation,gb_no_promotion,store_03,1008,14.669762240541722,17.679695283858074,0.994653768125831,1008,-1.2911116777519074,-1.5560211996483966
validation,mean_28,store_01,1008,10.207199546485262,18.959344628247113,1.0616176865113973,1008,-0.2276785714285711,-0.4229011572197237
validation,mean_28,store_02,1008,11.490858843537415,17.32834509864266,0.9551168866441654,1008,0.19146825396825454,0.28873629250632166
validation,mean_28,store_03,1008,15.430697278911564,18.596758518326208,1.0618148074980793,1008,-0.3293650793650792,-0.3969440093736174
validation,seasonal_naive,store_01,1008,12.432539682539682,23.092798702734576,1.264132390010435,1008,-0.9722222222222222,-1.805852436058082
validation,seasonal_naive,store_02,1008,14.808531746031745,22.331433358766063,1.1979499259711668,1008,1.2271825396825398,1.8506051493798903
validation,seasonal_naive,store_03,1008,18.455357142857142,22.2420162842693,1.2348434837348912,1008,-1.316468253968254,-1.586580423008405
validation,weekday_mean_4,store_01,1008,9.965277777777779,18.50998746959534,1.0177853941554607,1008,-0.22767857142857142,-0.4229011572197243
validation,weekday_mean_4,store_02,1008,11.595238095238095,17.485750190745478,0.9418255723032759,1008,0.19146825396825398,0.28873629250632077
validation,weekday_mean_4,store_03,1008,15.237599206349206,18.364040698717105,1.0262562756932887,1008,-0.32936507936507936,-0.39694400937361757
