split,model,product_id,n,mae,wape_pct,mase,mase_n,bias_units,bias_pct
test,gb_global,berries,504,4.1551535867266125,16.395501508731016,0.5381965738094812,504,0.5843024975230635,2.3055543627309483
test,gb_global,bread,504,12.459040892457766,14.573668646688594,0.7289389133338902,504,-0.2556557134586272,-0.29904722905551123
test,gb_global,milk,504,15.128035482938676,14.480988155057913,0.6962170954608885,504,-0.5876370569526895,-0.5625029945760001
test,gb_global,salad,504,5.227252709017853,16.907555932133217,0.6241932113313112,504,0.5906600846940215,1.9104908399806626
test,gb_global,sandwich,504,7.044905988552368,15.85316166553732,0.7104586493346461,504,-0.32200551377768755,-0.7246094519085348
test,gb_global,yogurt,504,8.29638310486788,14.938291182356513,0.6272358850890319,504,-0.06701130383662875,-0.12065913019778103
test,gb_local,berries,504,3.808018660655375,15.025768456668825,0.4911302888150883,504,-0.744832183285623,-2.9389761244496513
test,gb_local,bread,504,13.112819079380722,15.338410230482243,0.7666813756714093,504,0.03264031736077965,0.03818023986314421
test,gb_local,milk,504,15.294688089924504,14.640512795946877,0.7009457336256215,504,-0.2724965103099602,-0.26084145178952356
test,gb_local,salad,504,4.939750827387563,15.977630708531201,0.5908745257136148,504,-0.1064106344505656,-0.344185340540913
test,gb_local,sandwich,504,6.678522700894056,15.02868884783946,0.67265370938938,504,-0.40428983030737686,-0.9097739629187745
test,gb_local,yogurt,504,8.492029189299732,15.290567365964291,0.6434197743375986,504,-0.6435297984382032,-1.1587260848588992
test,gb_no_promotion,berries,504,5.164078305614019,20.37654009261306,0.6684014253300836,504,0.44462952814836615,1.7544295168462896
test,gb_no_promotion,bread,504,13.469837243241686,15.756023790456075,0.7888124916094292,504,-0.37588143154498027,-0.4396784215625828
test,gb_no_promotion,milk,504,15.888740222378383,15.209156484233656,0.7300505461311377,504,-0.6888402207563216,-0.6593775569041748
test,gb_no_promotion,salad,504,5.925530721637645,19.166137105027424,0.7048513823470591,504,0.6195901343244987,2.0040651244997263
test,gb_no_promotion,sandwich,504,7.60421371280277,17.111772609066374,0.7651939413876615,504,-0.49941216258276017,-1.123827878473506
test,gb_no_promotion,yogurt,504,8.94543665222886,16.106963212187292,0.6802938079721454,504,-0.29412517509466485,-0.5295955423089961
test,mean_28,berries,504,6.153202947845805,24.27945107425261,0.7947726658852104,504,-0.050595238095237825,-0.19963986534095252
test,mean_28,bread,504,14.091269841269842,16.482929886044513,0.8252327420521348,504,-0.44146825396825373,-0.5163970571169956
test,mean_28,milk,504,15.982001133786849,15.29842849545805,0.734307523692565,504,-0.013888888888888775,-0.013294841601458525
test,mean_28,salad,504,6.730300453514739,21.76916588737921,0.795791888476346,504,0.4365079365079365,1.4118855089205493
test,mean_28,sandwich,504,10.12670068027211,22.788128512109402,1.0161749227850232,504,-0.15376984126984183,-0.34602848595794206
test,mean_28,yogurt,504,9.31420068027211,16.770951887596524,0.7084353247944462,504,-0.24801587301587336,-0.4465721124647214
test,seasonal_naive,berries,504,6.5773809523809526,25.953182494323965,0.852138074070625,504,-0.11706349206349206,-0.4619118452986769
test,seasonal_naive,bread,504,17.783730158730158,20.802098080627566,1.0530863320408372,504,0.13690476190476192,0.1601411098475178
test,seasonal_naive,milk,504,22.261904761904763,21.309731824052268,1.0195013375664348,504,-0.6666666666666666,-0.6381523968700145
test,seasonal_naive,salad,504,7.2936507936507935,23.591323321781545,0.872135728611887,504,0.4523809523809524,1.4632268001540238
test,seasonal_naive,sandwich,504,9.545634920634921,21.48055543153101,0.9657003428768706,504,-0.5376984126984127,-1.2099834799303477
test,seasonal_naive,yogurt,504,12.267857142857142,22.08924297095495,0.9280474199782178,504,-0.39087301587301587,-0.7037976492444
test,weekday_mean_4,berries,504,5.788690476190476,22.84114929930322,0.7483841251764218,504,-0.050595238095238096,-0.19963986534095357
test,weekday_mean_4,bread,504,14.530753968253968,16.997006057511545,0.8519020108321905,504,-0.44146825396825395,-0.5163970571169958
test,weekday_mean_4,milk,504,16.785714285714285,16.06776570690572,0.7739751894968828,504,-0.013888888888888888,-0.013294841601458635
test,weekday_mean_4,salad,504,6.362103174603175,20.578231292517007,0.7531446026034055,504,0.4365079365079365,1.4118855089205493
test,weekday_mean_4,sandwich,504,8.151785714285714,18.343974639460644,0.8185266342170193,504,-0.15376984126984128,-0.3460284859579408
test,weekday_mean_4,yogurt,504,9.656746031746032,17.38773177092637,0.7367431800871812,504,-0.24801587301587302,-0.4465721124647208
validation,gb_global,berries,504,7.337150303682967,17.227690440513467,0.9605988432693238,504,0.4170301440520464,0.9791902753423312
validation,gb_global,bread,504,12.447501365774484,14.059929825975662,0.7365552503323362,504,-0.6779111449266565,-0.7657266182049192
validation,gb_global,milk,504,17.051221368426916,15.078192068930898,0.7982230553036662,504,-1.8716280664665366,-1.6550584182807868
validation,gb_global,salad,504,7.245808808150634,15.947804005886368,0.8939936878854335,504,0.258699093216319,0.5693888072886362
validation,gb_global,sandwich,504,8.276415774322777,16.281473654405463,0.8414728003014517,504,-0.0486105549386944,-0.09562732119087422
validation,gb_global,yogurt,504,9.660844336812168,14.687537467205614,0.7512432066403275,504,0.010693908852744525,0.01625812211330952
validation,gb_local,berries,504,6.9933445667480765,16.420431687123365,0.9232241373716803,504,-0.559220355036582,-1.3130540831047628
validation,gb_local,bread,504,13.21733596998424,14.929487514280721,0.7861420719724977,504,-0.1927370224622759,-0.21770385325187594
validation,gb_local,milk,504,17.239523753688637,15.244705626562107,0.8065423053696377,504,-2.4011760215880367,-2.1233313709630153
validation,gb_local,salad,504,7.153446951218669,15.744518378157164,0.8760187445091806,504,-0.5559624910135191,-1.2236564717708793
validation,gb_local,sandwich,504,8.022320371317907,15.781613845215555,0.8081729249752946,504,-0.2329714589348872,-0.4583045093801059
validation,gb_local,yogurt,504,10.197899237331018,15.504030694744753,0.7908058056391177,504,-0.647920345343204,-0.9850437514795174
validation,gb_no_promotion,berries,504,9.217549296631104,21.642883044500703,1.1919114502911683,504,0.12091335374660023,0.28390556854547644
validation,gb_no_promotion,bread,504,13.883671495361279,15.68213902658468,0.8215896235378976,504,-0.28837171358462793,-0.32572690194229603
validation,gb_no_promotion,milk,504,18.651605731988216,16.49339290976763,0.8724007307025984,504,-1.4094822458247744,-1.2463883707267063
validation,gb_no_promotion,salad,504,8.57906816872884,18.882267160309773,1.0651618696504166,504,0.03725785668649352,0.08200340525783979
validation,gb_no_promotion,sandwich,504,9.060595877789606,17.82412303827463,0.92679625882748,504,-0.257044577751891,-0.5056614644299495
validation,gb_no_promotion,yogurt,504,10.8324053062851,16.468680505467983,0.8409716381077426,504,0.17299581982275683,0.26300833516536287
validation,mean_28,berries,504,10.237103174603174,24.036804099697182,1.3254825929321052,504,0.1904761904761904,0.44723969252271123
validation,mean_28,bread,504,14.596797052154196,16.48764167253634,0.870386270418769,504,-0.45932539682539647,-0.5188256387270278
validation,mean_28,milk,504,18.53954081632653,16.39429523893073,0.8660252024260773,504,-0.8621031746031729,-0.7623475743486255
validation,mean_28,salad,504,9.037981859410431,19.89232218499872,1.123165834726628,504,0.09920634920634903,0.21835014629459765
validation,mean_28,sandwich,504,11.204931972789117,22.042489126798262,1.1440060695570187,504,0.06448412698412673,0.12685402029664275
validation,mean_28,yogurt,504,10.641156462585034,16.17792180369478,0.8280327912466863,504,0.23611111111111177,0.3589635305119011
validation,seasonal_naive,berries,504,10.878968253968255,25.543908688562777,1.4169104563627841,504,-0.017857142857142856,-0.041928721174004195
validation,seasonal_naive,bread,504,18.52777777777778,20.927835051546392,1.1006441453301512,504,0.5079365079365079,0.5737337516808606
validation,seasonal_naive,milk,504,24.20436507936508,21.403631897534872,1.1355910588924523,504,-2.3392857142857144,-2.068602508992017
validation,seasonal_naive,salad,504,11.109126984126984,24.450849382069087,1.3823612816165527,504,-0.5257936507936508,-1.1572557753613695
validation,seasonal_naive,sandwich,504,11.73015873015873,23.075722092115534,1.2018155837946498,504,-0.6071428571428571,-1.1943793911007026
validation,seasonal_naive,yogurt,504,14.942460317460318,22.717263430967392,1.1565290734363962,504,0.8591269841269841,1.3061446110222918
validation,weekday_mean_4,berries,504,9.631944444444445,22.61588632657815,1.2502346506499493,504,0.19047619047619047,0.4472396925227114
validation,weekday_mean_4,bread,504,14.461309523809524,16.334603316898253,0.8567173949068426,504,-0.4593253968253968,-0.5188256387270282
validation,weekday_mean_4,milk,504,19.895833333333332,17.593648565663656,0.9307639827915167,504,-0.8621031746031746,-0.7623475743486271
validation,weekday_mean_4,salad,504,8.853174603174603,19.485567055329927,1.1001027375790944,504,0.0992063492063492,0.218350146294598
validation,weekday_mean_4,sandwich,504,9.13888888888889,17.97814207650273,0.9337323241049306,504,0.06448412698412699,0.12685402029664325
validation,weekday_mean_4,yogurt,504,11.615079365079366,17.65859250098036,0.9001833942717167,504,0.2361111111111111,0.3589635305119001
