split,model,horizon_day,n,mae,wape_pct,mase,mase_n,bias_units,bias_pct
test,gb_global,1,216,8.114649423416505,14.93748317247286,0.6186066280607639,216,1.122327247234714,2.065985046895332
test,gb_global,2,216,8.435946237274205,15.216404068903786,0.6298974638393399,216,-0.41230163518158364,-0.7436923022899546
test,gb_global,3,216,8.565162445037503,15.525974220611788,0.6447194434262696,216,-0.11560433176889316,-0.209554679943613
test,gb_global,4,216,8.468753966267869,15.204478902118357,0.614148116254773,216,0.9898330489025945,1.7771086240791323
test,gb_global,5,216,9.036970299340805,14.838354881471787,0.7037783871031696,216,0.6667526528937018,1.094782007031848
test,gb_global,6,216,8.65449177472259,14.203861586050296,0.6533523891898917,216,-0.6106586522883736,-1.0022207195067905
test,gb_global,7,216,8.873194465853098,14.517573130012643,0.6922271613840669,216,-0.6480240319242887,-1.0602423185551155
test,gb_global,8,216,8.219230939986085,14.321990021272946,0.6103276694161633,216,-1.7264153383017713,-3.0082745488317406
test,gb_global,9,216,9.040717239005588,16.46261105736981,0.6740266070997273,216,0.3453710037211695,0.6289001585210977
test,gb_global,10,216,8.3756424095721,15.410040549127544,0.6434590049702983,216,0.9629418797043187,1.7716818229653564
test,gb_global,11,216,7.924401234658334,13.808249973267184,0.5531393583021144,216,-0.39120772212080446,-0.6816785090197949
test,gb_global,12,216,9.787817649672226,16.344558270809436,0.6999336220693209,216,0.8054677308592899,1.3450408184430354
test,gb_global,13,216,9.09738525676614,14.921673744866627,0.7092716331506352,216,-1.5424441606003625,-2.5299410637837214
test,gb_global,14,216,9.464104109069654,15.958208333794264,0.7120066152383809,216,0.42015262865034325,0.7084540810965976
test,gb_local,1,216,7.629271572253486,14.043997439975737,0.5876344708480102,216,1.0450559171920324,1.923743634851534
test,gb_local,2,216,8.47685639465004,15.290196085548299,0.6239254156172039,216,-0.03247858836651605,-0.05858350803480139
test,gb_local,3,216,8.583912323764352,15.559961916189156,0.6478025666235773,216,0.205890383744033,0.37321519711909307
test,gb_local,4,216,8.269539336123747,14.846816528989521,0.5903539022117325,216,1.0041921940308862,1.8028884873299924
test,gb_local,5,216,9.093635861004861,14.931397536883695,0.6961977206543541,216,-0.267078564092762,-0.4385326479972375
test,gb_local,6,216,8.868316398358743,14.554793268334386,0.6514394558706054,216,-1.1022116277785445,-1.8089636927297743
test,gb_local,7,216,8.856682523629265,14.49055768144161,0.6808574463780545,216,-1.4618223234148768,-2.391710512480029
test,gb_local,8,216,8.38783569718926,14.615783402653115,0.6179595568033825,216,-2.146145487514544,-3.7396533180311513
test,gb_local,9,216,9.048498371460237,16.476780039077823,0.6684597343842178,216,0.5650516504450893,1.0289256153780078
test,gb_local,10,216,8.453705468529629,15.55366593869165,0.6274672872818717,216,1.1057087936649748,2.0343534874926283
test,gb_local,11,216,8.2488366902381,14.373577969437154,0.5672558752570224,216,-0.5942754265347889,-1.035523492509797
test,gb_local,12,216,9.2563327345472,15.457038041454933,0.64059496911447,216,-0.09713480152077748,-0.1622042298298256
test,gb_local,13,216,9.210812192514753,15.107718380918723,0.7044776319686726,216,-2.4105544542397603,-3.9538291602687234
test,gb_local,14,216,9.709364380000876,16.371761952226304,0.7155532512764866,216,-0.8050078242866605,-1.3573902423568982
test,gb_no_promotion,1,216,8.282057340182952,15.245648418949356,0.6321949056026585,216,1.2983546799391947,2.3900171370961827
test,gb_no_promotion,2,216,8.427189384927992,15.200608827928573,0.6328657715371934,216,-0.24635097581229798,-0.44435750125642054
test,gb_no_promotion,3,216,8.616223850451517,15.618532659428732,0.6524512743786134,216,-0.03106740995851029,-0.056315546752586626
test,gb_no_promotion,4,216,8.394762182796145,15.071636867126317,0.6145776519598152,216,0.9728192013628894,1.7465626090464976
test,gb_no_promotion,5,216,11.34994526580781,18.63617010577337,0.8765200184180565,216,-0.4693294240584168,-0.7706207190924973
test,gb_no_promotion,6,216,10.72455063249992,17.601268418964995,0.8202762173028136,216,-1.334506466939282,-2.190208926820796
test,gb_no_promotion,7,216,10.99705959948964,17.99246230487625,0.8793889688828137,216,-1.4434588600107052,-2.3616657609628264
test,gb_no_promotion,8,216,8.296137960261461,14.456000317977377,0.6156163887636369,216,-1.5292178795452267,-2.6646584541930376
test,gb_no_promotion,9,216,9.119393708428564,16.605876252070225,0.6829392058171941,216,0.4756562479020769,0.8661418778186529
test,gb_no_promotion,10,216,8.508448838045382,15.654386277834774,0.6536322501818105,216,1.0321775127613408,1.8990659519288726
test,gb_no_promotion,11,216,8.097438625397595,14.109767207856411,0.5732980938332017,216,-0.5265435798267041,-0.9175009135412076
test,gb_no_promotion,12,216,10.54084938593986,17.60203685630467,0.7952588932496467,216,0.7444171589709412,1.2430932070948844
test,gb_no_promotion,13,216,10.38790970021679,17.038412144026324,0.8323299066808618,216,-1.2622133251253242,-2.0703020595874406
test,gb_no_promotion,14,216,11.25298619399555,18.974590303692732,0.8597255078725559,216,0.4665046894930133,0.7866121227985237
test,mean_28,1,216,9.244543650793652,17.017397550463855,0.706580211564702,216,3.29646164021164,6.06814142053617
test,mean_28,2,216,8.572585978835978,15.462869072472412,0.6459918002387705,216,2.1807208994708995,3.933492394870265
test,mean_28,3,216,9.454530423280424,17.138121613197143,0.7310826264551481,216,2.4538690476190474,4.448100992662925
test,mean_28,4,216,10.42906746031746,18.72395122124987,0.8214737387735637,216,1.9214616402116402,3.4497191778382037
test,mean_28,5,216,12.779927248677248,20.98414508334691,1.0246059174147595,216,-3.2822420634920637,-5.389314220557095
test,mean_28,6,216,11.054728835978835,18.14316107113007,0.8573041254974034,216,-3.3100198412698414,-5.432446514051256
test,mean_28,7,216,11.390376984126984,18.635975068712533,0.8998303108045882,216,-3.499834656084656,-5.726134568355444
test,mean_28,8,216,8.701884920634921,15.163013414465496,0.6688403042058149,216,0.23164682539682535,0.4036440326372562
test,mean_28,9,216,9.686342592592593,17.638256617771034,0.7301795374181206,216,2.7038690476190474,4.923585519184911
test,mean_28,10,216,9.481646825396824,17.44493794110489,0.7409423614367406,216,3.2686838624338623,6.013932830372353
test,mean_28,11,216,10.291501322751323,17.932916148066198,0.8016846886486441,216,0.23164682539682535,0.4036440326372562
test,mean_28,12,216,12.50975529100529,20.889889005466895,0.9844775530733172,216,-2.263723544973545,-3.7801645590590316
test,mean_28,13,216,10.738260582010582,17.613063146133236,0.8763796971595375,216,-3.3470568783068786,-5.489895099964202
test,mean_28,14,216,11.259424603174603,18.985446637671462,0.8849622852422498,216,-1.6850198412698414,-2.8412512546002007
test,seasonal_naive,1,216,10.703703703703704,19.703425941707856,0.7923184086373704,216,2.685185185185185,4.942900971535709
test,seasonal_naive,2,216,11.75462962962963,21.20250521920668,0.8695677534986378,216,-0.7083333333333334,-1.2776617954070981
test,seasonal_naive,3,216,11.023148148148149,19.981537428667338,0.8227881647594957,216,-0.5879629629629629,-1.0657938905673046
test,seasonal_naive,4,216,11.398148148148149,20.46380184523315,0.798387830805491,216,1.3055555555555556,2.3439448092427893
test,seasonal_naive,5,216,15.282407407407407,25.093120486507033,1.1145849455762822,216,-1.4398148148148149,-2.364120106423413
test,seasonal_naive,6,216,14.62962962962963,24.010333561279538,1.1564202745984327,216,-0.24074074074074073,-0.3951067548058658
test,seasonal_naive,7,216,15.458333333333334,25.291622481442207,1.2058713110831523,216,-2.013888888888889,-3.294955309801545
test,seasonal_naive,8,216,10.601851851851851,18.473701193933525,0.7763455211318843,216,-0.37962962962962965,-0.6615037108744757
test,seasonal_naive,9,216,11.277777777777779,20.536165907941324,0.8615620658537042,216,-0.18518518518518517,-0.3372112628561794
test,seasonal_naive,10,216,11.23611111111111,20.672913117546848,0.8424785954183528,216,0.22685185185185186,0.41737649063032367
test,seasonal_naive,11,216,11.48611111111111,20.014520813165536,0.7971549970666099,216,-0.38425925925925924,-0.6695708292997741
test,seasonal_naive,12,216,12.99537037037037,21.700811751063007,0.9773365317028861,216,-0.4212962962962963,-0.7035175879396985
test,seasonal_naive,13,216,13.935185185185185,22.856708937656617,1.1497971892070826,216,-0.2777777777777778,-0.4556154605512947
test,seasonal_naive,14,216,14.921296296296296,25.160031225604996,1.1134746259986537,216,-0.19907407407407407,-0.3356752537080406
test,weekday_mean_4,1,216,8.54861111111111,15.736321799897732,0.6522654013458313,216,1.3865740740740742,2.5524117947843874
test,weekday_mean_4,2,216,9.175925925925926,16.551148225469728,0.6905815359836032,216,-0.24305555555555555,-0.4384133611691023
test,weekday_mean_4,3,216,9.278935185185185,16.819822087948975,0.7031903413677978,216,-0.4224537037037037,-0.7657771064115475
test,weekday_mean_4,4,216,8.96412037037037,16.093840910979967,0.6524226215292406,216,0.6770833333333334,1.215609675006234
test,weekday_mean_4,5,216,11.917824074074074,19.568605093120485,0.9149149272295595,216,-0.6701388888888888,-1.1003420752565565
test,weekday_mean_4,6,216,11.877314814814815,19.493199604893245,0.9061746879113907,216,-0.1875,-0.30772737633918396
test,weekday_mean_4,7,216,11.833333333333334,19.360702923799423,0.9403872478842897,216,-0.7800925925925926,-1.2763217694288744
test,weekday_mean_4,8,216,8.953703703703704,15.601807034527267,0.6707512451523342,216,-1.6782407407407407,-2.9243304291707
test,weekday_mean_4,9,216,9.280092592592593,16.89849940988029,0.7157060901040923,216,0.2800925925925926,0.5100320350699713
test,weekday_mean_4,10,216,9.47800925925926,17.43824531516184,0.7298567825543538,216,0.3923611111111111,0.7218909710391823
test,weekday_mean_4,11,216,8.753472222222221,15.252904162633108,0.6307586172899063,216,-1.0127314814814814,-1.7646821555340433
test,weekday_mean_4,12,216,11.563657407407407,19.310011596443758,0.8684744155644766,216,0.34837962962962965,0.5817549284885968
test,weekday_mean_4,13,216,11.07638888888889,18.167666489482876,0.9012974391662348,216,-0.22453703703703703,-0.3682891639456299
test,weekday_mean_4,14,216,12.275462962962964,20.698672911787664,0.9494620458807921,216,1.0347222222222223,1.7447306791569086
validation,gb_global,1,216,10.046754773109127,15.453243829606006,0.7701197586550325,216,-0.5370063738331518,-0.8259871590682958
validation,gb_global,2,216,10.145876731134036,15.346704299194341,0.8002423691785727,216,-1.3707448090194374,-2.073395509441166
validation,gb_global,3,216,10.176830143589761,15.828019232541681,0.8016511066229218,216,0.5691834886034706,0.8852508175284393
validation,gb_global,4,216,10.23070565029246,15.343927374414465,0.8080971061824933,216,0.1665990734061421,0.24986390678882583
validation,gb_global,5,216,11.9680708526982,16.612706793797383,0.9452766962600497,216,0.4949617840199662,0.6870493242613759
validation,gb_global,6,216,10.350542592761428,14.53935878283455,0.8598314776874219,216,-0.9010976762917984,-1.265767692521483
validation,gb_global,7,216,10.420581557605143,14.687410221485878,0.8621400651582014,216,-0.6185524217322117,-0.871825925573623
validation,gb_global,8,216,9.855230535145765,15.233503618087056,0.7744950546777282,216,-0.3032915643219035,-0.46880619646150823
validation,gb_global,9,216,9.57618497063899,15.047693537451053,0.786270201916671,216,0.948523007399762,1.4904770085723018
validation,gb_global,10,216,9.921678857240998,14.916702395517893,0.8173656705452005,216,-1.9681612002172062,-2.9590228944589443
validation,gb_global,11,216,9.855331170353962,14.536680775720129,0.7872324978700083,216,-1.2904230760563404,-1.903382849140737
validation,gb_global,12,216,11.77997741911646,16.30551183934095,0.9285133472535294,216,-0.964875052295074,-1.3355527798509192
validation,gb_global,13,216,9.452184451092087,13.794147972676784,0.7976708915907795,216,0.4434022499922976,0.6470838862126632
validation,gb_global,14,216,10.930914861951457,16.021426410948735,0.8859630584439804,216,0.8707871231870041,1.2763114515056857
validation,gb_local,1,216,10.948299337700641,16.839939165017007,0.8439977141563885,216,-0.19686798380339157,-0.30280911843290303
validation,gb_local,2,216,10.177650017207482,15.394764731910474,0.7968825038851512,216,-1.4099535949110387,-2.132702916672159
validation,gb_local,3,216,10.243384221888077,15.931530759848968,0.808652204154076,216,0.9764332788125304,1.5186462285678757
validation,gb_local,4,216,10.663189171988556,15.992562568737178,0.8340810446747683,216,0.14229732008681914,0.21341633897203816
validation,gb_local,5,216,12.145634013619445,16.859179660316176,0.9549044101692067,216,-0.6847339319123041,-0.9504693097683805
validation,gb_local,6,216,10.192096846855273,14.316790784423093,0.8253630383314983,216,-1.844432963433978,-2.590866359509262
validation,gb_local,7,216,10.525592218781135,14.83541872271925,0.8681573842968936,216,-1.8016001681021616,-2.539286370701905
validation,gb_local,8,216,10.33990553259955,15.982679226001881,0.8122928422290397,216,-0.23763305443570998,-0.3673160137263014
validation,gb_local,9,216,9.725185913577482,15.281828585281072,0.7955626012276861,216,0.7042688349441356,1.1066642539497549
validation,gb_local,10,216,10.026371771903579,15.074102476029603,0.8083521918176056,216,-1.6850043502527507,-2.5333120321193996
validation,gb_local,11,216,9.757726969719785,14.392713913271468,0.7757969747049897,216,-1.351841993586881,-1.9939761719118159
validation,gb_local,12,216,11.64025912304686,16.11211772238463,0.8867437779785613,216,-2.3454687445157396,-3.2465315528061502
validation,gb_local,13,216,9.53160904997634,13.910057123132827,0.7846105058269418,216,-0.5568342217675419,-0.8126220654130737
validation,gb_local,14,216,10.672127795142398,15.642122574138277,0.8500501161678132,216,-0.41859971400516566,-0.6135410071596376
validation,gb_no_promotion,1,216,10.219304558128563,15.718648326965532,0.7896266420666976,216,-0.00497881810218005,-0.007658083814504671
validation,gb_no_promotion,2,216,10.315541141243788,15.60333954137716,0.8163756076270957,216,-0.8915266567593101,-1.3485277161065194
validation,gb_no_promotion,3,216,10.436593835795698,16.232029583322802,0.8250805374659396,216,1.0152365239663335,1.5789968978739057
validation,gb_no_promotion,4,216,10.701627532307755,16.050212102336307,0.8378725409339182,216,0.7062524223207128,1.0592315179924592
validation,gb_no_promotion,5,216,14.223686464831864,19.743694341004325,1.1416686105215033,216,-0.4320059433795816,-0.5996612285199514
validation,gb_no_promotion,6,216,12.605524090198472,17.706920748409118,1.0872573275580177,216,-2.1102372620887566,-2.9642404149780286
validation,gb_no_promotion,7,216,13.94981866279893,19.661734624238623,1.1854195237685619,216,-1.938058827265697,-2.7316196195066267
validation,gb_no_promotion,8,216,9.99633289929166,15.451609462194066,0.7928178429811161,216,0.3421976625988649,0.5289444333859655
validation,gb_no_promotion,9,216,10.017808394304481,15.741645665428253,0.8243774531119696,216,1.5854958424223355,2.4913946017985196
validation,gb_no_promotion,10,216,10.142201475734275,15.248246110938982,0.8331523577171565,216,-1.2959696892655264,-1.94841966229104
validation,gb_no_promotion,11,216,10.12784476389772,14.938640187120372,0.8178200981116897,216,-0.5353029723946411,-0.7895755397244092
validation,gb_no_promotion,12,216,15.02013720973025,20.790449454032256,1.179877973441583,216,-0.9031105428099516,-1.2500600912973376
validation,gb_no_promotion,13,216,12.979412003754941,18.94164578617031,1.1131235744806207,216,0.24573582652734147,0.35861724565844033
validation,gb_no_promotion,14,216,13.12225734714461,19.233273983736417,1.0994702428211713,216,0.42756558478402334,0.6266822712448193
validation,mean_28,1,216,10.950231481481481,16.84291105889055,0.8732665277740944,216,2.5725859788359795,3.956979074475337
validation,mean_28,2,216,10.597056878306878,16.029161664665867,0.8432693916902362,216,1.475363756613757,2.2316426570628254
validation,mean_28,3,216,11.099041005291006,17.262333360763662,0.8736911708177151,216,3.290178571428572,5.117213215931535
validation,mean_28,4,216,12.525958994708994,18.786329279663537,1.0492375363241229,216,0.9105489417989422,1.3656337413454485
validation,mean_28,5,216,15.578869047619047,21.62480376766091,1.2742875049959566,216,-4.455191798941799,-6.184187575165018
validation,mean_28,6,216,12.434027777777779,17.466020680236717,1.091270755975009,216,-3.6033399470899465,-5.061594775127973
validation,mean_28,7,216,13.472718253968253,18.98927988813796,1.1542840136983639,216,-3.3625992063492056,-4.739454672570496
validation,mean_28,8,216,10.458167989417989,16.16548079085649,0.8250063893725921,216,2.8920304232804237,4.470291766341575
validation,mean_28,9,216,10.856316137566138,17.059248404730727,0.8880481849898991,216,3.9475859788359795,6.203103240423189
validation,mean_28,10,216,10.719080687830687,16.115552506239496,0.8709709721476095,216,1.0725859788359793,1.6125744513716955
validation,mean_28,11,216,12.724371693121693,18.768535138720882,1.0996292499823672,216,-0.2098214285714282,-0.3094880399578564
validation,mean_28,12,216,16.721395502645503,23.14528310523184,1.3710540084694525,216,-4.658895502645502,-6.44871149356891
validation,mean_28,13,216,12.212797619047619,17.822878763017943,1.0612131062091599,216,-0.9366732804232801,-1.3669443184340822
validation,mean_28,14,216,12.917493386243386,18.93315173663956,1.0913349639370844,216,-0.6403769841269837,-0.9385996374528636
validation,seasonal_naive,1,216,13.828703703703704,21.27038382112084,1.069139332568628,216,-0.3287037037037037,-0.5055899736523535
validation,seasonal_naive,2,216,13.564814814814815,20.518207282913167,1.1176410912775756,216,-2.1296296296296298,-3.2212885154061626
validation,seasonal_naive,3,216,12.652777777777779,19.67885944700461,1.0052293880188,216,2.0231481481481484,3.146601382488479
validation,seasonal_naive,4,216,12.875,19.309818080822108,1.039580893239857,216,1.1435185185185186,1.7150395778364116
validation,seasonal_naive,5,216,19.055555555555557,26.450742240215924,1.5172766429725106,216,0.3148148148148148,0.4369899106741212
validation,seasonal_naive,6,216,15.796296296296296,22.188983546855695,1.355104698466546,216,-2.6666666666666665,-3.7458541978279247
validation,seasonal_naive,7,216,18.46759259259259,26.02936378466558,1.533605814797544,216,-3.1527777777777777,-4.443719412724307
validation,seasonal_naive,8,216,13.99074074074074,21.625876628023473,1.0955185354712615,216,-0.009259259259259259,-0.01431229426077
validation,seasonal_naive,9,216,13.398148148148149,21.05339735195693,1.1163331295379804,216,0.3425925925925926,0.5383384257238469
validation,seasonal_naive,10,216,12.851851851851851,19.322057492865596,1.021663022827905,216,-0.19444444444444445,-0.2923366047191481
validation,seasonal_naive,11,216,13.337962962962964,19.673586451789127,1.0603823162960606,216,0.023148148148148147,0.03414367659109533
validation,seasonal_naive,12,216,20.23148148148148,28.00384492149952,1.5187561668186718,216,0.1111111111111111,0.15379685998077539
validation,seasonal_naive,13,216,16.12962962962963,23.53895007094115,1.3800942380751064,216,0.0,0.0
validation,seasonal_naive,14,216,17.069444444444443,25.01866051435163,1.4219951283085204,216,-0.4305555555555556,-0.6310646671642803
validation,weekday_mean_4,1,216,10.979166666666666,16.887417218543046,0.8370144877311975,216,-0.35648148148148145,-0.5483158869187496
validation,weekday_mean_4,2,216,10.663194444444445,16.12920168067227,0.840071006242615,216,-1.0289351851851851,-1.5563725490196079
validation,weekday_mean_4,3,216,10.905092592592593,16.960685483870968,0.8501685271357473,216,1.2662037037037037,1.9693260368663594
validation,weekday_mean_4,4,216,10.431712962962964,15.645396472712124,0.8106372397523072,216,0.5729166666666666,0.8592556589362589
validation,weekday_mean_4,5,216,15.299768518518519,21.2373883426515,1.2242795214016378,216,-0.008101851851851851,-0.011246063877642825
validation,weekday_mean_4,6,216,13.03587962962963,18.31143916238538,1.1264204753908307,216,-1.5451388888888888,-2.1704493724393576
validation,weekday_mean_4,7,216,14.552083333333334,20.510603588907014,1.2504440049242707,216,-2.0729166666666665,-2.9216965742251224
validation,weekday_mean_4,8,216,10.953703703703704,16.93144411049091,0.8617031767351094,216,-0.037037037037037035,-0.05724917704308
validation,weekday_mean_4,9,216,10.748842592592593,16.8903681070857,0.8794126011134824,216,1.443287037037037,2.2679324894514767
validation,weekday_mean_4,10,216,10.449074074074074,15.709612305978979,0.8395213194729182,216,-0.9513888888888888,-1.4303612445186886
validation,weekday_mean_4,11,216,10.413194444444445,15.359532914504234,0.8285788136954705,216,-0.5474537037037037,-0.8074979513794045
validation,weekday_mean_4,12,216,15.850694444444445,21.940083306632488,1.2335040706816829,216,-0.21180555555555555,-0.2931752643383531
validation,weekday_mean_4,13,216,13.73263888888889,20.0408756165124,1.1928012922445352,216,1.1215277777777777,1.6367137355584083
validation,weekday_mean_4,14,216,13.70949074074074,20.0939811359164,1.1594905935209794,216,0.6493055555555556,0.9516862319332293
