split,model,n,mae,wape_pct,mase,mase_n,bias_units,bias_pct
test,gb_global,3024,8.718461960760193,15.110228544685885,0.6542067213932082,3024,-0.00955783430142467,-0.01656496998401451
test,gb_local,3024,8.720971424590324,15.114577771896895,0.6442842345921187,3024,-0.3564864399051582,-0.6178373667617281
test,gb_no_promotion,3024,9.499639476317228,16.46411078299383,0.7229339324629194,3024,-0.13233988791764364,-0.2293622385477897
test,mean_28,3024,10.39961262282691,18.02388130089555,0.8124525112809543,3024,-0.07853835978835985,-0.13611719260439484
test,seasonal_naive,3024,12.621693121693122,21.875035820313844,0.9484348725241454,3024,-0.18716931216931218,-0.32438876216457857
test,weekday_mean_4,3024,10.212632275132275,17.69982003874325,0.7804459570688502,3024,-0.07853835978835978,-0.13611719260439473
validation,gb_global,3024,10.33649032619499,15.266201097149525,0.8303478072887565,3024,-0.3186211033684629,-0.47057886035957597
validation,gb_local,3024,10.470645141714758,15.464337440071027,0.8318176649729015,3024,-0.764997949063084,-1.1298431247700935
validation,gb_no_promotion,3024,11.704149312797357,17.28612821582379,0.9531385951862171,3024,-0.2706219178175738,-0.3996877555459551
validation,mean_28,3024,12.376251889644747,18.278772021629166,1.0261831268845474,3024,-0.12185846560846525,-0.17997557997557945
validation,seasonal_naive,3024,15.232142857142858,22.496703296703295,1.2323085999054977,3024,-0.35383597883597884,-0.5225885225885226
validation,weekday_mean_4,3024,12.266038359788359,18.115995115995116,0.9952890807173417,3024,-0.12185846560846561,-0.17997557997557997
