split,model,store_id,product_id,n,mae,wape_pct,mase,mase_n,bias_units,bias_pct
test,gb_global,store_01,berries,168,3.639340995319396,17.840947978221724,0.565588912977038,168,0.981919320425906,4.813610908419966
test,gb_global,store_01,bread,168,9.58454451033492,14.680921569440798,0.734530400976396,168,0.21036852819377683,0.32222750489199947
test,gb_global,store_01,milk,168,12.149317776582489,15.027870611587822,0.6897416387074535,168,-1.2648490313454288,-1.5645312712857609
test,gb_global,store_01,salad,168,4.070204006354645,17.030990611894904,0.6013013133310091,168,0.0807506884688393,0.33788581974508103
test,gb_global,store_01,sandwich,168,5.842859243623933,16.874683736098003,0.7454878952477981,168,-0.02727512370975053,-0.07877292046137337
test,gb_global,store_01,yogurt,168,6.142149501919995,13.776783929540175,0.6074743535985313,168,-0.3230886845447087,-0.7246848999133653
test,gb_global,store_02,berries,168,4.009197994462353,16.23783180013682,0.530737038790248,168,0.6630593573818311,2.685486307621688
test,gb_global,store_02,bread,168,12.11995534293513,14.414218445512542,0.7166472200458122,168,-0.3937414267178394,-0.4682752349468853
test,gb_global,store_02,milk,168,14.3676887963437,13.727091206697803,0.6629253543313189,168,-0.5427859903081544,-0.5185853410587462
test,gb_global,store_02,salad,168,5.560684968156401,18.04510478366381,0.7038510642915028,168,1.1614403709221948,3.7690164634909933
test,gb_global,store_02,sandwich,168,6.510809648504785,14.859611750425268,0.6736331982460948,168,-1.002949348841046,-2.2890298954665904
test,gb_global,store_02,yogurt,168,8.750504581527716,15.855098896642106,0.637931194079067,168,1.5048027515704436,2.7265623626384223
test,gb_global,store_03,berries,168,4.816921770398087,15.568350469928408,0.5182637696611575,168,0.10792881476145359,0.34882725817476345
test,gb_global,store_03,bread,168,15.672622824103248,14.633472097200833,0.7356391189794623,168,-0.5835942418518192,-0.5448998645645841
test,gb_global,store_03,milk,168,18.867099875889842,14.752270218512024,0.7359842933438931,168,0.04472385079551463,0.034969780013247964
test,gb_global,store_03,salad,168,6.050869152542513,15.908388382271395,0.5674272563714217,168,0.5297891946910307,1.3928730001266536
test,gb_global,store_03,sandwich,168,8.781049073528383,16.001911751304572,0.712254854510045,168,0.06420793121773372,0.11700761953117762
test,gb_global,store_03,yogurt,168,9.99649523115593,14.956017444422445,0.6363021075894977,168,-1.3827479785356211,-2.068765343253935
test,gb_local,store_01,berries,168,3.2864035248947636,16.110761370946026,0.5096122988752408,168,-0.5804918163590068,-2.845714185827638
test,gb_local,store_01,bread,168,10.302766536507667,15.781042834913274,0.7897499934312295,168,0.5986633365853178,0.9169897934567229
test,gb_local,store_01,milk,168,11.956914683023323,14.78988121593225,0.6787447376767316,168,-0.1116341673030429,-0.13808378815278463
test,gb_local,store_01,salad,168,4.033168597601003,16.87602302358577,0.5959758305025046,168,-0.2226681552179046,-0.9317123306751673
test,gb_local,store_01,sandwich,168,5.474268239420822,15.810160980276743,0.6984560357504619,168,-0.16745343977728122,-0.4836200426780685
test,gb_local,store_01,yogurt,168,6.310571142580841,14.154552095508429,0.6242707504102757,168,-1.6839360414093476,-3.7770528031611534
test,gb_local,store_02,berries,168,3.5216370987633394,14.263139647836091,0.4668226053915712,168,-0.42532320769859583,-1.7226205133405037
test,gb_local,store_02,bread,168,12.09453673727335,14.38398819100894,0.7150985718875058,168,0.1922419898925328,0.2286326936283839
test,gb_local,store_02,milk,168,14.104551646196832,13.475686286175318,0.6507872760886483,168,-0.4205177064600813,-0.40176850935676556
test,gb_local,store_02,salad,168,5.029028602880672,16.31981466648547,0.6366957960514604,168,-0.0035181847405224404,-0.011416941016182538
test,gb_local,store_02,sandwich,168,6.183527946901424,14.112657180810205,0.6398284914591018,168,-0.9542309371782671,-2.1778399326986673
test,gb_local,store_02,yogurt,168,9.302653417284604,16.855541135718436,0.6781650933924456,168,0.14023130065076972,0.25408604949664915
test,gb_local,store_03,berries,168,4.6160153583080215,14.919018472407611,0.4969559621784528,168,-1.228681525799266,-3.9711138194358737
test,gb_local,store_03,bread,168,16.941153964361146,15.81789510372185,0.7951955616954921,168,-0.6929843743955116,-0.6470370416186625
test,gb_local,store_03,milk,168,19.822597940553358,15.499378451144763,0.7733051871114848,168,-0.28533765716675646,-0.22310679700276967
test,gb_local,store_03,salad,168,5.757055281681012,15.135919989396088,0.5399519505868793,168,-0.09304556339326982,-0.2446268333344183
test,gb_local,store_03,sandwich,168,8.37777191635992,15.267010325940632,0.6796766009585762,168,-0.09118511396658228,-0.1661687726042502
test,gb_local,store_03,yogurt,168,9.86286300803375,14.756086787333425,0.6278234792100741,168,-0.3868846545560316,-0.5788282301666516
test,gb_no_promotion,store_01,berries,168,4.385586166213876,21.499226026376746,0.6820543476648988,168,0.6282361606520278,3.079768747871044
test,gb_no_promotion,store_01,bread,168,10.146358865914575,15.541468722407446,0.7776136358971452,168,0.5695187396232788,0.8723481788540377
test,gb_no_promotion,store_01,milk,168,12.429618203112275,15.374582963649406,0.7056264429636936,168,-0.7180975116632736,-0.8882372401666174
test,gb_no_promotion,store_01,salad,168,4.517360649126983,18.902032105936073,0.6675564532127793,168,0.5359002382864918,2.242372105407986
test,gb_no_promotion,store_01,sandwich,168,6.160270220177481,17.791394137696695,0.7859901386534661,168,0.09144367590853328,0.26409725894161235
test,gb_no_promotion,store_01,yogurt,168,6.8409291577335285,15.344140166878944,0.6763482402057596,168,-0.7818592756978282,-1.7537030482941942
test,gb_no_promotion,store_02,berries,168,5.149818145008973,20.857508398300563,0.6816222666026182,168,0.8015976243038161,3.2465863279421674
test,gb_no_promotion,store_02,bread,168,13.8066789457961,16.42023264118466,0.816212776996471,168,-0.554879103394377,-0.6599156829269103
test,gb_no_promotion,store_02,milk,168,15.439981873286316,14.751575038171637,0.7123743037967858,168,-0.538351250728874,-0.5143483287218542
test,gb_no_promotion,store_02,salad,168,6.209372134689322,20.15017420567522,0.7860239447581234,168,1.1941089916473127,3.875030144808741
test,gb_no_promotion,store_02,sandwich,168,7.113423447878175,16.23495638151791,0.735791146804997,168,-0.6575425305380657,-1.500708397369855
test,gb_no_promotion,store_02,yogurt,168,9.909267847811174,17.954669957207475,0.7224900172220936,168,0.5176869486980694,0.9380005110146212
test,gb_no_promotion,store_03,berries,168,5.95683060561921,19.252549860408376,0.641527661722734,168,-0.0959452005107454,-0.3100960693690886
test,gb_no_promotion,store_03,bread,168,16.456473918014378,15.365351071118853,0.7726110619346718,168,-1.1422839308638426,-1.066546436865034
test,gb_no_promotion,store_03,milk,168,19.796620590736552,15.479066644530116,0.7721508916329336,168,-0.8100718998768169,-0.6333988605571313
test,gb_no_promotion,store_03,salad,168,7.04985938109663,18.534841565324474,0.6609737490702745,168,0.12876117303969192,0.33852702770998816
test,gb_no_promotion,store_03,sandwich,168,9.538947470352653,17.383047781963835,0.7738005387045211,168,-0.9321376331187481,-1.6986562790318873
test,gb_no_promotion,store_03,yogurt,168,10.086112951141878,15.090096854500272,0.6420431664885832,168,-0.6182031982842359,-0.9249099413282715
test,mean_28,store_01,berries,168,5.291666666666667,25.941056317478843,0.8226582744297988,168,-0.33333333333333315,-1.6340822877152017
test,mean_28,store_01,bread,168,10.747874149659864,16.46282692508076,0.823764955249249,168,0.4166666666666674,0.6382202771699501
test,mean_28,store_01,milk,168,12.716411564625849,15.729326629783115,0.7218832140347384,168,-0.19345238095237993,-0.23928729200412183
test,mean_28,store_01,salad,168,5.005952380952381,20.94645080946451,0.7397908768805838,168,0.2619047619047615,1.0958904109589023
test,mean_28,store_01,sandwich,168,8.079081632653061,23.33308774773447,1.030743927961926,168,-0.07142857142857235,-0.20629190304280826
test,mean_28,store_01,yogurt,168,7.13562925170068,16.005149723440777,0.705671906526403,168,-0.6696428571428571,-1.502002670226969
test,mean_28,store_02,berries,168,5.851190476190476,23.698167791706847,0.7739601375392136,168,0.24107142857142844,0.9763741562198645
test,mean_28,store_02,bread,168,14.147959183673468,16.826115976618595,0.8362308481753066,168,-0.5625,-0.6689791873141725
test,mean_28,store_02,milk,168,15.005102040816325,14.336084752372285,0.6922672134144974,168,-0.9553571428571436,-0.9127616014558696
test,mean_28,store_02,salad,168,6.821853741496598,22.137752145478625,0.8637619856495685,168,0.5565476190476192,1.8060652887772846
test,mean_28,store_02,sandwich,168,9.354166666666666,21.349001494362177,0.967768413714405,168,-0.3095238095238103,-0.7064257573699243
test,mean_28,store_02,yogurt,168,10.285714285714286,18.636755823986196,0.7498643652974374,168,0.050595238095238346,0.09167385677308071
test,mean_28,store_03,berries,168,7.316751700680273,23.647831583576103,0.787699585686619,168,-0.059523809523808806,-0.1923816852635606
test,mean_28,store_03,bread,168,17.37797619047619,16.225754460067805,0.8157024227318486,168,-1.1785714285714288,-1.1004279442005227
test,mean_28,store_03,milk,168,20.224489795918366,15.813619499740696,0.7887721436284592,168,1.1071428571428572,0.8656799776598716
test,mean_28,store_03,salad,168,8.363095238095237,21.987480438184665,0.7838228028988858,168,0.491071428571429,1.2910798122065739
test,mean_28,store_03,sandwich,168,12.946853741496598,23.593355337579222,1.0500124266787387,168,-0.0803571428571429,-0.14643670680117157
test,mean_28,store_03,yogurt,168,10.521258503401361,15.741129473429769,0.6697697025594982,168,-0.12500000000000136,-0.1870157627571487
test,seasonal_naive,store_01,berries,168,5.553571428571429,27.22497811496936,0.862305236884544,168,-0.49404761904761907,-2.421943390720747
test,seasonal_naive,store_01,bread,168,15.285714285714286,23.41356673960613,1.171451738599122,168,0.6785714285714286,1.039387308533917
test,seasonal_naive,store_01,milk,168,17.071428571428573,21.116183183625388,0.9693028882882417,168,0.5595238095238095,0.6920924753350022
test,seasonal_naive,store_01,salad,168,5.589285714285714,23.387297633872976,0.8251348471910601,168,-0.005952380952380952,-0.024906600249066
test,seasonal_naive,store_01,sandwich,168,8.244047619047619,23.80952380952381,1.0516685103183507,168,0.8035714285714286,2.3207839092315625
test,seasonal_naive,store_01,yogurt,168,8.797619047619047,19.73297730307076,0.8702310037706562,168,-0.6547619047619048,-1.4686248331108145
test,seasonal_naive,store_02,berries,168,6.809523809523809,27.579556412729026,0.9009449282631452,168,1.2976190476190477,5.2555448408871746
test,seasonal_naive,store_02,bread,168,16.523809523809526,19.651706073906272,0.9766822513511345,168,-1.6428571428571428,-1.9538439756477417
test,seasonal_naive,store_02,milk,168,21.047619047619047,20.10919017288444,0.9711191407107368,168,0.4166666666666667,0.3980891719745223
test,seasonal_naive,store_02,salad,168,8.041666666666666,26.096194707359473,1.0180344787049864,168,2.5416666666666665,8.248020088854549
test,seasonal_naive,store_02,sandwich,168,8.56547619047619,19.54897432414074,0.88618768677567,168,-1.3273809523809523,-3.0294796902594756
test,seasonal_naive,store_02,yogurt,168,14.226190476190476,25.77653149266609,1.0367501896419522,168,-0.05952380952380952,-0.10785159620362382
test,seasonal_naive,store_03,berries,168,7.369047619047619,23.81685263562909,0.793164057064186,168,-1.1547619047619047,-3.7322046941131206
test,seasonal_naive,store_03,bread,168,21.541666666666668,20.113377424553992,1.0111250061722554,168,1.375,1.283832601567276
test,seasonal_naive,store_03,milk,168,28.666666666666668,22.414595550591084,1.1180819837003255,168,-2.9761904761904763,-2.3270967141394396
test,seasonal_naive,store_03,salad,168,8.25,21.690140845070424,0.7732378599396145,168,-1.1785714285714286,-3.0985915492957745
test,seasonal_naive,store_03,sandwich,168,11.827380952380953,21.553313808439093,0.9592448315365909,168,-1.0892857142857142,-1.9850309144158802
test,seasonal_naive,store_03,yogurt,168,13.779761904761905,20.61626146584736,0.8771610665220452,168,-0.4583333333333333,-0.6857244634428712
test,weekday_mean_4,store_01,berries,168,5.017857142857143,24.598774438284213,0.7795517534847752,168,-0.3333333333333333,-1.6340822877152028
test,weekday_mean_4,store_01,bread,168,11.354166666666666,17.391502552881107,0.8701146922549069,168,0.4166666666666667,0.6382202771699489
test,weekday_mean_4,store_01,milk,168,13.767857142857142,17.029892504785746,0.7816146311701243,168,-0.19345238095238096,-0.2392872920041231
test,weekday_mean_4,store_01,salad,168,4.7976190476190474,20.074719800747197,0.7091428342937506,168,0.2619047619047619,1.095890410958904
test,weekday_mean_4,store_01,sandwich,168,6.535714285714286,18.87570912841671,0.8338261344202904,168,-0.07142857142857142,-0.20629190304280556
test,weekday_mean_4,store_01,yogurt,168,7.684523809523809,17.236315086782376,0.7596350620848172,168,-0.6696428571428571,-1.5020026702269693
test,weekday_mean_4,store_02,berries,168,5.529761904761905,22.396335583413695,0.7315216500313368,168,0.24107142857142858,0.976374156219865
test,weekday_mean_4,store_02,bread,168,14.145833333333334,16.82358771060456,0.836202922882999,168,-0.5625,-0.6689791873141725
test,weekday_mean_4,store_02,milk,168,15.857142857142858,15.150136487716106,0.7317083595191398,168,-0.9553571428571429,-0.9127616014558689
test,weekday_mean_4,store_02,salad,168,6.431547619047619,20.871160903998454,0.8142440072767515,168,0.5565476190476191,1.8060652887772841
test,weekday_mean_4,store_02,sandwich,168,7.538690476190476,17.20554272517321,0.7798298993640392,168,-0.30952380952380953,-0.7064257573699225
test,weekday_mean_4,store_02,yogurt,168,10.348214285714286,18.75,0.7543866591323033,168,0.050595238095238096,0.09167385677308024
test,weekday_mean_4,store_03,berries,168,6.818452380952381,22.03732204694113,0.7340789720131534,168,-0.05952380952380952,-0.19238168526356292
test,weekday_mean_4,store_03,bread,168,18.092261904761905,16.892680486856,0.8493884173586655,168,-1.1785714285714286,-1.1004279442005225
test,weekday_mean_4,store_03,milk,168,20.732142857142858,16.210555710695335,0.8086025778013844,168,1.1071428571428572,0.8656799776598716
test,weekday_mean_4,store_03,salad,168,7.857142857142857,20.657276995305164,0.7360469662397146,168,0.49107142857142855,1.2910798122065728
test,weekday_mean_4,store_03,sandwich,168,10.380952380952381,18.917453086018007,0.841923868866728,168,-0.08035714285714286,-0.1464367068011715
test,weekday_mean_4,store_03,yogurt,168,10.9375,16.363879241250334,0.6962078190444232,168,-0.125,-0.18701576275714668
validation,gb_global,store_01,berries,168,5.803279917708881,17.335544562146016,0.9207870997066433,168,0.01466435615716837,0.04380533133720282
validation,gb_global,store_01,bread,168,9.599093560235186,13.604249351438428,0.7413930842637197,168,0.12506992179556,0.17725448676947936
validation,gb_global,store_01,milk,168,14.156393843002864,15.749117049364155,0.819666993368713,168,-0.8188306787699483,-0.9109565858774341
validation,gb_global,store_01,salad,168,6.172741357944086,17.157851557488527,0.9736287891268315,168,-0.14001212786097467,-0.3891799715526762
validation,gb_global,store_01,sandwich,168,6.704355317908174,16.462024165574004,0.8607161649545322,168,0.4325739301212348,1.062151713831737
validation,gb_global,store_01,yogurt,168,8.096034944427096,15.450799394112826,0.799666544000059,168,0.4524874346830005,0.8635452576024547
validation,gb_global,store_02,berries,168,6.734820633896881,16.70776530559179,0.903117146049977,168,0.15433269655360113,0.3828690641022592
validation,gb_global,store_02,bread,168,11.930437448506936,13.92754840767956,0.7082189198525244,168,0.6529411086362116,0.7622410273843621
validation,gb_global,store_02,milk,168,16.282076838837778,14.719053534894247,0.7579279721588368,168,-0.6358559734938508,-0.5748159898136405
validation,gb_global,store_02,salad,168,6.0412273378351715,13.449856781822275,0.7902927000185604,168,0.49895680143186333,1.1108500217406978
validation,gb_global,store_02,sandwich,168,7.49315572497977,15.058016289433032,0.7877066892409256,168,-0.04582227095805992,-0.09208303254729745
validation,gb_global,store_02,yogurt,168,9.88307286027262,14.837857377352995,0.7445663524854524,168,0.9603714276215042,1.4418445025952877
validation,gb_global,store_03,berries,168,9.473350359443138,17.549044661886064,1.057892284051351,168,1.0820933794453698,2.004539505423113
validation,gb_global,store_03,bread,168,15.812973088581332,14.457575395274363,0.7600537468807642,168,-2.811744465211741,-2.5707377967650205
validation,gb_global,store_03,milk,168,20.715193423440102,14.929869134010882,0.8170742003834489,168,-4.160197547135811,-2.9983405745122957
validation,gb_global,store_03,salad,168,9.523457728672643,17.187032961832678,0.9180595745109085,168,0.4171526060780683,0.7528374457096947
validation,gb_global,store_03,sandwich,168,10.631736280080384,17.144669754785028,0.8759955467088971,168,-0.5325833239792581,-0.8588404533357205
validation,gb_global,store_03,yogurt,168,11.003425205736793,14.049060910197456,0.7094967234354714,168,-1.380777135746271,-1.7629621432236933
validation,gb_local,store_01,berries,168,5.78774660118618,17.289143474382616,0.9180010054925942,168,-0.701415882780237,-2.0952679286465115
validation,gb_local,store_01,bread,168,10.69074363303945,15.151382911680676,0.825797579272352,168,-0.7309828067923855,-1.035980357188466
validation,gb_local,store_01,milk,168,14.306265321181181,15.915850433470885,0.8282807953729961,168,-2.9044264924934358,-3.2312009187398
validation,gb_local,store_01,salad,168,5.532467821697971,15.378136896844126,0.8712348719929027,168,-0.31870682377224896,-0.8858826339135973
validation,gb_local,store_01,sandwich,168,5.931991374940243,14.565544445921672,0.762038807874435,168,-0.2924576186406464,-0.7181069852620373
validation,gb_local,store_01,yogurt,168,8.437704177207943,16.102854728739455,0.8334522670283386,168,-0.09841852656160602,-0.18782588279393173
validation,gb_local,store_02,berries,168,6.924275111485992,17.17776460026058,0.9281970808898042,168,-0.1923101028767764,-0.4770835393280927
validation,gb_local,store_02,bread,168,12.488230944028995,14.578714464574189,0.7414356971939583,168,2.0425111003481513,2.3844198794975293
validation,gb_local,store_02,milk,168,16.3011200521674,14.736268665325671,0.7587527106036968,168,-0.38241293912160906,-0.3457026139282734
validation,gb_local,store_02,salad,168,6.3755256330543375,14.194120147801865,0.8349631696901463,168,0.2009681824448824,0.4474245249236714
validation,gb_local,store_02,sandwich,168,7.409061930871171,14.889023975913357,0.7781009234124058,168,-0.6913578089707338,-1.3893314821421447
validation,gb_local,store_02,yogurt,168,10.147118233167378,15.23427938491617,0.7646420677724535,168,-0.4790410757544865,-0.7192037598458779
validation,gb_local,store_03,berries,168,8.268011987572057,15.316198190672685,0.9234743257326424,168,-0.7839350794527326,-1.4522118574049956
validation,gb_local,store_03,bread,168,16.473033332884278,15.06105904720848,0.7911929394511829,168,-1.8897393609425936,-1.7277617014332285
validation,gb_local,store_03,milk,168,21.111185887717333,15.215269108264742,0.8325934101322202,168,-3.9166886331490645,-2.8228386545218487
validation,gb_local,store_03,salad,168,9.5523473989037,17.23917029773146,0.9218581918444926,168,-1.550148831713191,-2.79756153966931
validation,gb_local,store_03,sandwich,168,10.725907808142308,17.296530157111803,0.8843790436390428,168,0.28490105080671874,0.45942960775128383
validation,gb_local,store_03,yogurt,168,12.008875301617731,15.332809322630938,0.7743230821165612,168,-1.3663014337135195,-1.744479714727704
validation,gb_no_promotion,store_01,berries,168,6.725597903662925,20.09069075062894,1.0658806266864278,168,-0.03998452819919414,-0.11944169163343911
validation,gb_no_promotion,store_01,bread,168,10.67434459216259,15.128141483746543,0.8246496421654008,168,-0.25666964595598507,-0.3637632910461067
validation,gb_no_promotion,store_01,milk,168,15.651286912112162,17.412199200283712,0.9069071356150127,168,-0.7860083406978005,-0.8744414359130553
validation,gb_no_promotion,store_01,salad,168,7.54874361685779,20.9826096563883,1.1923900642771346,168,-0.31396345678224596,-0.8726978944311271
validation,gb_no_promotion,store_01,sandwich,168,7.640450075291778,18.76053219305786,0.9814796439372192,168,-0.3579379316455062,-0.8788888119913043
validation,gb_no_promotion,store_01,yogurt,168,8.671114166391204,16.548303759556084,0.8566967710548076,168,0.5995040234798618,1.1441176410839118
validation,gb_no_promotion,store_02,berries,168,7.81618958591619,19.390428978646188,1.0465611507179315,168,0.23673084579792986,0.5872826652990581
validation,gb_no_promotion,store_02,bread,168,13.397815073978201,15.640559602726272,0.7957353479318657,168,1.9164355223992486,2.2372397176226375
validation,gb_no_promotion,store_02,milk,168,16.92598796385009,15.30115140942109,0.7878276651693568,168,1.2201266545131015,1.1029986975796442
validation,gb_no_promotion,store_02,salad,168,7.318822481666253,16.294224448978667,0.9552156329215519,168,0.1375435624858968,0.3062194341058927
validation,gb_no_promotion,store_02,sandwich,168,8.304539663435445,16.68854860594683,0.8729769539080137,168,-0.006061599512448403,-0.012181204761858036
validation,gb_no_promotion,store_02,yogurt,168,11.981222151777473,17.987893847172614,0.9022514702122009,168,0.5257604399122568,0.7893454325760425
validation,gb_no_promotion,store_03,berries,168,13.110860400314193,24.287402660191688,1.463292573469145,168,0.16599374364106498,0.3074975072411392
validation,gb_no_promotion,store_03,bread,168,17.578854819943047,16.072095835376498,0.844383880516426,168,-2.5248810171971474,-2.3084626442945346
validation,gb_no_promotion,store_03,milk,168,23.377542320002398,16.848679149551277,0.9224673913234254,168,-4.662565051289624,-3.3604072441727024
validation,gb_no_promotion,store_03,salad,168,10.869638407662476,19.616492131134343,1.0478799117525637,168,0.28819346435582976,0.5201042218474531
validation,gb_no_promotion,store_03,sandwich,168,11.236797894641592,18.120388234783906,0.9259321786372071,168,-0.40713420209771845,-0.6565420037667181
validation,gb_no_promotion,store_03,yogurt,168,11.844879600686626,15.12342128678639,0.7639666730562189,168,-0.6062770039238481,-0.7740882859036821
validation,mean_28,store_01,berries,168,7.928571428571429,23.68421052631579,1.2536916241498501,168,0.044642857142856554,0.1333570412517763
validation,mean_28,store_01,bread,168,11.949404761904763,16.935211742871605,0.9231804361290692,168,-1.086309523809523,-1.5395647038974176
validation,mean_28,store_01,milk,168,15.444727891156463,17.182400408676816,0.8954161480416746,168,-0.8928571428571404,-0.9933117012118375
validation,mean_28,store_01,salad,168,7.866496598639455,21.865840975701992,1.236836541633663,168,0.26190476190476164,0.7279947054930502
validation,mean_28,store_01,sandwich,168,9.376700680272108,23.023760805111287,1.2033488649483157,168,0.21130952380952323,0.5188541362174788
validation,mean_28,store_01,yogurt,168,8.677295918367346,16.56010126417942,0.8572325041658113,168,0.09523809523809541,0.18175621947063533
validation,mean_28,store_02,berries,168,8.285714285714286,20.555227406969877,1.1085851188686011,168,0.31250000000000067,0.7752510336680465
validation,mean_28,store_02,bread,168,13.97278911564626,16.311782165440704,0.8297667671600621,168,0.6547619047619053,0.7643666180251553
validation,mean_28,store_02,milk,168,16.524659863945576,14.93834942500461,0.7695435639273019,168,-0.15476190476190493,-0.13990529487731396
validation,mean_28,store_02,salad,168,8.116071428571429,18.069175722236945,1.0586269986711632,168,-0.0922619047619045,-0.2054068380598987
validation,mean_28,store_02,sandwich,168,10.23469387755102,20.567327409432675,1.074773074096976,168,2.5376526277146434e-16,5.099589012632298e-16
validation,mean_28,store_02,yogurt,168,11.811224489795919,17.732669475296824,0.8894057971408881,168,0.4285714285714305,0.6434316353887428
validation,mean_28,store_03,berries,168,14.49702380952381,26.85522108280957,1.6141710357778642,168,0.214285714285714,0.3969566655640087
validation,mean_28,store_03,bread,168,17.868197278911563,16.336637512147714,0.8582116079671758,168,-0.9464285714285717,-0.8653061224489799
validation,mean_28,store_03,milk,168,23.64923469387755,17.0444934730649,0.9331158953092552,168,-1.5386904761904734,-1.1089661089661071
validation,mean_28,store_03,salad,168,11.131377551020408,20.08885410432301,1.0740339638750571,168,0.12797619047618997,0.23095928671178337
validation,mean_28,store_03,sandwich,168,14.003401360544217,22.58179524449442,1.1538962696257637,168,-0.01785714285714328,-0.028796314071799493
validation,mean_28,store_03,yogurt,168,11.434948979591837,14.600026056934402,0.7374600724333595,168,0.18452380952380937,0.23559811521507806
validation,seasonal_naive,store_01,berries,168,8.202380952380953,24.50213371266003,1.3029116959863996,168,-0.6071428571428571,-1.8136557610241821
validation,seasonal_naive,store_01,bread,168,14.607142857142858,20.70187278555762,1.128457993600197,168,-1.5476190476190477,-2.193352454867555
validation,seasonal_naive,store_01,milk,168,20.75595238095238,23.091186014171246,1.2020630388890814,168,-3.1845238095238093,-3.5428117343222305
validation,seasonal_naive,store_01,salad,168,9.916666666666666,27.564526803441428,1.5713717977313633,168,-1.4047619047619047,-3.9046988749172735
validation,seasonal_naive,store_01,sandwich,168,9.880952380952381,24.261911721718796,1.2700148815955248,168,-0.16666666666666666,-0.40923706518561825
validation,seasonal_naive,store_01,yogurt,168,11.232142857142858,21.435874133818018,1.1099749322600456,168,1.0773809523809523,2.0561172327615584
validation,seasonal_naive,store_02,berries,168,10.0,24.808033077377438,1.338092069301627,168,0.36904761904761907,0.9155345540460721
validation,seasonal_naive,store_02,bread,168,18.113095238095237,21.145160169550415,1.0762247525753175,168,3.3273809523809526,3.884372177055104
validation,seasonal_naive,store_02,milk,168,22.428571428571427,20.27550581145071,1.0437706880835858,168,-0.07142857142857142,-0.06457167455876023
validation,seasonal_naive,store_02,salad,168,9.392857142857142,20.911741319904586,1.226154701751612,168,0.6428571428571429,1.4312218393851046
validation,seasonal_naive,store_02,sandwich,168,10.964285714285714,22.033492822966508,1.1525726675713546,168,0.5476190476190477,1.1004784688995215
validation,seasonal_naive,store_02,yogurt,168,17.952380952380953,26.952636282394995,1.3508846765435032,168,2.5476190476190474,3.8248436103663987
validation,seasonal_naive,store_03,berries,168,14.43452380952381,26.7394420553534,1.6097276038003256,168,0.18452380952380953,0.34182379534678575
validation,seasonal_naive,store_03,bread,168,22.863095238095237,20.90340136054422,1.0972496898149393,168,-0.25595238095238093,-0.23401360544217686
validation,seasonal_naive,store_03,milk,168,29.428571428571427,21.20978120978121,1.1609394497046897,168,-3.761904761904762,-2.711282711282711
validation,seasonal_naive,store_03,salad,168,14.017857142857142,25.298098614244278,1.349557345366683,168,-0.8154761904761905,-1.4716940595123
validation,seasonal_naive,store_03,sandwich,168,14.345238095238095,23.13303897101171,1.1828592022170696,168,-2.2023809523809526,-3.5515454021885198
validation,seasonal_naive,store_03,yogurt,168,15.642857142857142,19.972640218878247,1.0087276115056396,168,-1.0476190476190477,-1.3375892992856058
validation,weekday_mean_4,store_01,berries,168,7.538690476190476,22.519559032716927,1.1936179199770094,168,0.044642857142857144,0.13335704125177808
validation,weekday_mean_4,store_01,bread,168,11.00297619047619,15.593892357010292,0.8499974088504697,168,-1.0863095238095237,-1.5395647038974185
validation,weekday_mean_4,store_01,milk,168,16.863095238095237,18.760346996887623,0.9763365362287227,168,-0.8928571428571429,-0.9933117012118403
validation,weekday_mean_4,store_01,salad,168,7.7976190476190474,21.674387822634017,1.2265152106077117,168,0.2619047619047619,0.727994705493051
validation,weekday_mean_4,store_01,sandwich,168,7.4523809523809526,18.2987430575855,0.957601191020394,168,0.2113095238095238,0.5188541362174802
validation,weekday_mean_4,store_01,yogurt,168,9.136904761904763,17.437237305464045,0.9026440982484552,168,0.09523809523809523,0.181756219470635
validation,weekday_mean_4,store_02,berries,168,7.919642857142857,19.647076196101594,1.0596833435822721,168,0.3125,0.7752510336680449
validation,weekday_mean_4,store_02,bread,168,14.523809523809524,16.95504134528525,0.8625437894747925,168,0.6547619047619048,0.7643666180251546
validation,weekday_mean_4,store_02,milk,168,17.758928571428573,16.05413258717176,0.8270541479622738,168,-0.15476190476190477,-0.13990529487731382
validation,weekday_mean_4,store_02,salad,168,7.770833333333333,17.300556586270872,1.0143865534564975,168,-0.09226190476190477,-0.2054068380598993
validation,weekday_mean_4,store_02,sandwich,168,8.729166666666666,17.541866028708135,0.9173511572882573,168,0.0,0.0
validation,weekday_mean_4,store_02,yogurt,168,12.869047619047619,19.320822162645218,0.9699344420555627,168,0.42857142857142855,0.6434316353887399
validation,weekday_mean_4,store_03,berries,168,13.4375,24.892490903076414,1.4974026883905664,168,0.21428571428571427,0.39695666556400927
validation,weekday_mean_4,store_03,bread,168,17.857142857142858,16.3265306122449,0.8576109863952656,168,-0.9464285714285714,-0.8653061224489796
validation,weekday_mean_4,store_03,milk,168,25.06547619047619,18.065208065208065,0.9889012641835535,168,-1.5386904761904763,-1.108966108966109
validation,weekday_mean_4,store_03,salad,168,10.991071428571429,19.83564292620045,1.0594064486730739,168,0.12797619047619047,0.23095928671178428
validation,weekday_mean_4,store_03,sandwich,168,11.235119047619047,18.117680936840085,0.9262446240061403,168,-0.017857142857142856,-0.02879631407179881
validation,weekday_mean_4,store_03,yogurt,168,12.839285714285714,16.393068855449158,0.8279716425111323,168,0.18452380952380953,0.23559811521507829
