split,candidate,reference,mae_difference,ci95_low,ci95_high,days,series_per_day,block_days,bootstrap_samples
validation,seasonal_naive,weekday_mean_4,2.966104497354497,2.4839430390211636,3.465565062830687,168,18,28,2000
validation,mean_28,weekday_mean_4,0.11021352985638694,-0.09174461451247165,0.3272167894935751,168,18,28,2000
validation,gb_global,weekday_mean_4,-1.9295480335933686,-2.1495855060462716,-1.721315577533034,168,18,28,2000
validation,gb_no_promotion,weekday_mean_4,-0.5618890469910023,-0.6830598279249257,-0.44256485740083645,168,18,28,2000
validation,gb_local,weekday_mean_4,-1.795393218073602,-2.067112647053982,-1.528859561938192,168,18,28,2000
test,seasonal_naive,weekday_mean_4,2.4090608465608465,2.0236317791005294,2.862487599206349,168,18,28,2000
test,mean_28,weekday_mean_4,0.18698034769463345,-0.10830616969009826,0.41736701625094474,168,18,28,2000
test,gb_global,weekday_mean_4,-1.4941703143720824,-1.8026151480850847,-1.2327202934886714,168,18,28,2000
test,gb_no_promotion,weekday_mean_4,-0.7129927988150481,-0.957453516715585,-0.46323312188067584,168,18,28,2000
test,gb_local,weekday_mean_4,-1.4916608505419502,-1.811847384045065,-1.227071208058565,168,18,28,2000
validation,gb_global,gb_no_promotion,-1.3676589866023665,-1.555599284688086,-1.1859356872859594,168,18,28,2000
validation,gb_global,gb_local,-0.13415481551976693,-0.286405316831225,0.02028351115053585,168,18,28,2000
test,gb_global,gb_no_promotion,-0.7811775155570344,-0.9969695553462404,-0.5387692133046181,168,18,28,2000
test,gb_global,gb_local,-0.00250946383013216,-0.0717162042622645,0.06424329850029305,168,18,28,2000
