split,dimension,segment,selected_model,baseline,n,model_mae,baseline_mae,improvement_pct
test,store_id,store_01,gb_global,weekday_mean_4,1008,6.90473600568923,8.19295634920635,15.723510398562164
test,store_id,store_02,gb_global,weekday_mean_4,1008,8.553140221988347,9.975198412698413,14.25593889841618
test,store_id,store_03,gb_global,weekday_mean_4,1008,10.697509654603001,12.469742063492063,14.212261968735227
validation,store_id,store_01,gb_global,weekday_mean_4,1008,8.421983156871049,9.965277777777779,15.486719540806208
validation,store_id,store_02,gb_global,weekday_mean_4,1008,9.727465140721526,11.595238095238095,16.108103509177806
validation,store_id,store_03,gb_global,weekday_mean_4,1008,12.8600226809924,15.237599206349206,15.603353869329478
test,product_id,berries,gb_global,weekday_mean_4,504,4.1551535867266125,5.788690476190476,28.219454748578826
test,product_id,bread,gb_global,weekday_mean_4,504,12.459040892457766,14.530753968253968,14.257436884021109
test,product_id,milk,gb_global,weekday_mean_4,504,15.128035482938676,16.785714285714285,9.875533293131284
test,product_id,salad,gb_global,weekday_mean_4,504,5.227252709017853,6.362103174603175,17.837662081865027
test,product_id,sandwich,gb_global,weekday_mean_4,504,7.044905988552368,8.151785714285714,13.578371224768315
test,product_id,yogurt,gb_global,weekday_mean_4,504,8.29638310486788,9.656746031746032,14.087177216901344
validation,product_id,berries,gb_global,weekday_mean_4,504,7.337150303682967,9.631944444444445,23.824827416701712
validation,product_id,bread,gb_global,weekday_mean_4,504,12.447501365774484,14.461309523809524,13.925489629548744
validation,product_id,milk,gb_global,weekday_mean_4,504,17.051221368426916,19.895833333333332,14.297526106335917
validation,product_id,salad,gb_global,weekday_mean_4,504,7.245808808150634,8.853174603174603,18.15581265558226
validation,product_id,sandwich,gb_global,weekday_mean_4,504,8.276415774322777,9.13888888888889,9.43739578248634
validation,product_id,yogurt,gb_global,weekday_mean_4,504,9.660844336812168,11.615079365079366,16.824982136089297
test,promotion,0,gb_global,weekday_mean_4,2769,8.509959402682055,9.563470566991693,11.015992122627853
test,promotion,1,gb_global,weekday_mean_4,255,10.982554444361611,17.261764705882353,36.37640976174906
validation,promotion,0,gb_global,weekday_mean_4,2733,10.042098544599197,11.351262349066959,11.533200134127558
validation,promotion,1,gb_global,weekday_mean_4,291,13.101345099738994,20.8573883161512,37.18607094449217
test,horizon_day,1,gb_global,weekday_mean_4,216,8.114649423416505,8.54861111111111,5.076399921041687
test,horizon_day,2,gb_global,weekday_mean_4,216,8.435946237274205,9.175925925925926,8.064359876325511
test,horizon_day,3,gb_global,weekday_mean_4,216,8.565162445037503,9.278935185185185,7.692399245198922
test,horizon_day,4,gb_global,weekday_mean_4,216,8.468753966267869,8.96412037037037,5.526101654545658
test,horizon_day,5,gb_global,weekday_mean_4,216,9.036970299340805,11.917824074074074,24.17264894017233
test,horizon_day,6,gb_global,weekday_mean_4,216,8.65449177472259,11.877314814814815,27.134273110891463
test,horizon_day,7,gb_global,weekday_mean_4,216,8.873194465853098,11.833333333333334,25.015258035044248
test,horizon_day,8,gb_global,weekday_mean_4,216,8.219230939986085,8.953703703703704,8.203005013599055
test,horizon_day,9,gb_global,weekday_mean_4,216,9.040717239005588,9.280092592592593,2.5794500561134073
test,horizon_day,10,gb_global,weekday_mean_4,216,8.3756424095721,9.47800925925926,11.630784688358846
test,horizon_day,11,gb_global,weekday_mean_4,216,7.924401234658334,8.753472222222221,9.471338533058294
test,horizon_day,12,gb_global,weekday_mean_4,216,9.787817649672226,11.563657407407407,15.357076876020383
test,horizon_day,13,gb_global,weekday_mean_4,216,9.09738525676614,11.07638888888889,17.866866647377798
test,horizon_day,14,gb_global,weekday_mean_4,216,9.464104109069654,12.275462962962964,22.902263339277955
validation,horizon_day,1,gb_global,weekday_mean_4,216,10.046754773109127,10.979166666666666,8.492556146254627
validation,horizon_day,2,gb_global,weekday_mean_4,216,10.145876731134036,10.663194444444445,4.851432804734536
validation,horizon_day,3,gb_global,weekday_mean_4,216,10.176830143589761,10.905092592592593,6.678186753751295
validation,horizon_day,4,gb_global,weekday_mean_4,216,10.23070565029246,10.431712962962964,1.9268869205294015
validation,horizon_day,5,gb_global,weekday_mean_4,216,11.9680708526982,15.299768518518519,21.776131199551827
validation,horizon_day,6,gb_global,weekday_mean_4,216,10.350542592761428,13.03587962962963,20.599584478861104
validation,horizon_day,7,gb_global,weekday_mean_4,216,10.420581557605143,14.552083333333334,28.391136039363374
validation,horizon_day,8,gb_global,weekday_mean_4,216,9.855230535145765,10.953703703703704,10.028326475423283
validation,horizon_day,9,gb_global,weekday_mean_4,216,9.57618497063899,10.748842592592593,10.90961758768078
validation,horizon_day,10,gb_global,weekday_mean_4,216,9.921678857240998,10.449074074074074,5.04729139725053
validation,horizon_day,11,gb_global,weekday_mean_4,216,9.855331170353962,10.413194444444445,5.3572731889983025
validation,horizon_day,12,gb_global,weekday_mean_4,216,11.77997741911646,15.850694444444445,25.681632054643146
validation,horizon_day,13,gb_global,weekday_mean_4,216,9.452184451092087,13.73263888888889,31.169933706333225
validation,horizon_day,14,gb_global,weekday_mean_4,216,10.930914861951457,13.70949074074074,20.267535325233776
