split,fold,training_rows,max_training_target,last_observed_date
validation,1,25182,2025-01-28,2025-01-28
validation,2,25686,2025-02-11,2025-02-11
validation,3,26190,2025-02-25,2025-02-25
validation,4,26694,2025-03-11,2025-03-11
validation,5,27198,2025-03-25,2025-03-25
validation,6,27702,2025-04-08,2025-04-08
validation,7,28206,2025-04-22,2025-04-22
validation,8,28710,2025-05-06,2025-05-06
validation,9,29214,2025-05-20,2025-05-20
validation,10,29718,2025-06-03,2025-06-03
validation,11,30222,2025-06-17,2025-06-17
validation,12,30726,2025-07-01,2025-07-01
test,13,31230,2025-07-15,2025-07-15
test,14,31734,2025-07-29,2025-07-29
test,15,32238,2025-08-12,2025-08-12
test,16,32742,2025-08-26,2025-08-26
test,17,33246,2025-09-09,2025-09-09
test,18,33750,2025-09-23,2025-09-23
test,19,34254,2025-10-07,2025-10-07
test,20,34758,2025-10-21,2025-10-21
test,21,35262,2025-11-04,2025-11-04
test,22,35766,2025-11-18,2025-11-18
test,23,36270,2025-12-02,2025-12-02
test,24,36774,2025-12-16,2025-12-16
